tweet,tweet_length,cleaned_tweet,topic,sentiment
Odisha also needs a leader who can revive cong,46.0,odisha also needs a leader who can revive cong,Politics,Neutral
Bahadurpally to dullapally road conditions is worst. Garbage dumping on road. Ghmc folks close complaint in 1 mins without solving it. Things are getting worst during Congress administration. I shldnt have voted u.,214.0,bahadurpally to dullapally road conditions is worst garbage dumping on road ghmc folks close complaint in  mins without solving it things are getting worst during congress administration i shldnt have voted u,Politics,Neutral
Telangana people want justice... We voted just for you not for revanth.. do justice to us.. don't take all curses and cries of pool and middleclass people we didn't occupy we are not criminals we don't deserve this we pay taxes..stop revanth remove him as cm do justice to people,279.0,telangana people want justice we voted just for you not for revanth do justice to us dont take all curses and cries of pool and middleclass people we didnt occupy we are not criminals we dont deserve this we pay taxesstop revanth remove him as cm do justice to people,Economy,Neutral
How many people your govt make homeless which they bought in years back.. we didn't occupy we bought it legally why only poor and middleclass houses demolishing not demolition his brothers house.. üò¢üò¢ the sin we did is voting for congress we voted for you not for revanth justice,278.0,how many people your govt make homeless which they bought in years back we didnt occupy we bought it legally why only poor and middleclass houses demolishing not demolition his brothers house  the sin we did is voting for congress we voted for you not for revanth justice,Politics,Neutral
‡§∏‡§Ç‡§µ‡§ø‡§ß‡§æ‡§® ‡§µ‡§ø‡§∞‡•ã‡§ß‡•Ä ‡§ï‡§æ‡§Ç‡§ó‡•ç‡§∞‡•á‡§∏ #CongressHataoDeshBachao #ToiletSeatTax #ToiletTax,74.0,congresshataodeshbachao toiletseattax toilettax,Economy,Neutral
‡§∏‡§Ç‡§µ‡§ø‡§ß‡§æ‡§® ‡§π‡§§‡•ç‡§Ø‡§æ‡§∞‡•Ä ‡§ï‡§æ‡§Ç‡§ó‡•ç‡§∞‡•á‡§∏ #SamvidhanSammanSammelan #CongressParty #Congress #HaryanaElection #Maharashtra #MaharashtraElection2024 #HaryanaElection2024,150.0,samvidhansammansammelan congressparty congress haryanaelection maharashtra maharashtraelection haryanaelection,Politics,Neutral
"Jay shree Jagannath, Jay Congress, Jay SAMVIDHAN, Jay Hindustan, Jay INDIAN, Jay Maharashtra, Voice of Nation, LoP, People's Leader, Jananayaak, Hindustan ka awaz Shaan Maan Eman, Rahul Gandhi Jindabad, Jay Hind üáÆüá≥.",215.0,jay shree jagannath jay congress jay samvidhan jay hindustan jay indian jay maharashtra voice of nation lop peoples leader jananayaak hindustan ka awaz shaan maan eman rahul gandhi jindabad jay hind,Politics,Negative
I request to all Don't vote for Congress Congress fooled Telangana people,73.0,i request to all dont vote for congress congress fooled telangana people,Politics,Neutral
"‡§ï‡§æ‡§Ç‡§ó‡•ç‡§∞‡•á‡§∏ ‡§π‡•ã ‡§Ø‡§æ ‡§≠‡§æ‡§ú‡§™‡§æ ‡§Ø‡•á ‡§¶‡•ã‡§®‡•ã ‡§∏‡§Ç‡§µ‡§ø‡§ß‡§æ‡§®, ‡§Ü‡§∞‡§ï‡•ç‡§∑‡§£ ‡§î‡§∞ ‡§¶‡§≤‡§ø‡§§ ‡§µ‡§ø‡§∞‡•ã‡§ß‡•Ä ‡§™‡§æ‡§∞‡•ç‡§ü‡•Ä ‡§π‡•à‡§Ç‡•§‡§á‡§∏‡•Ä‡§≤‡§ø‡§è ‡§π‡§∞‡§ø‡§Ø‡§æ‡§£‡§æ ‡§ï‡•á ‡§ú‡§®‡§§‡§æ ‡§∏‡•á ‡§®‡§ø‡§µ‡•á‡§¶‡§® ‡§π‡•à ‡§ï‡§ø ‡§Ü‡§ú ‡§Ü‡§™ ‡§≤‡•ã‡§ó ‡§á‡§® ‡§ú‡§æ‡§§‡§ø‡§µ‡§æ‡§¶‡•Ä ‡§Æ‡§æ‡§®‡§∏‡§ø‡§ï‡§§‡§æ ‡§µ‡§æ‡§≤‡•á ‡§™‡§æ‡§∞‡•ç‡§ü‡•Ä ‡§ï‡•ã ‡§µ‡•ã‡§ü ‡§¶‡•á‡§ï‡§∞ ‡§ñ‡§∞‡§æ‡§¨ ‡§® ‡§ï‡§∞‡•á‡§Ç‡•§ Vote for #bsp_Inld üî•#‡§¨‡§∏‡§™‡§æ_‡§á‡§®‡•á‡§≤‡•ã_‡§ó‡§†‡§¨‡§Ç‡§ß‡§®_‡§ú‡§ø‡§Ç‡§¶‡§æ‡§¨‡§æ‡§¶",225.0,vote for bspinld,Politics,Neutral
We should understand that photo and give it to a good leader who can do good to our country,91.0,we should understand that photo and give it to a good leader who can do good to our country,Politics,Positive
Toilet tax in Himachal Pradesh? This is the khangresss govt achievement...? When will you start in Karnataka..?,111.0,toilet tax in himachal pradesh this is the khangresss govt achievement when will you start in karnataka,Economy,Neutral
Jharkhand ‡§Æ‡•á‡§Ç ‡§∂‡§æ‡§Ø‡§¶ ‡§Ü‡§™‡§≤‡•ã‡§ó ‡§ï‡•Ä government ‡§π‡•à l 5 ‡§∏‡§æ‡§≤ ‡§Æ‡•á‡§Ç recruitment policy ‡§®‡§π‡•Ä‡§Ç ‡§¨‡§®‡§æ ‡§™‡§æ‡§èl 5 ‡§≤‡§æ‡§ñ ‡§∏‡§∞‡§ï‡§æ‡§∞‡•Ä ‡§®‡•å‡§ï‡§∞‡•Ä ‡§§‡•ã ‡§õ‡•ã‡§°‡§º‡•ã General ‡§Æ‡•á‡§Ç 5 recruitment ‡§®‡§π‡•Ä‡§Ç ‡§ï‡§ø‡§è ‡§ú‡•ã ‡§≠‡•Ä exams ‡§π‡•Å‡§è ‡§∏‡§≠‡•Ä ‡§≤‡§ø‡§Æ‡§ø‡§ü‡•á‡§° subject ‡§ï‡•á ‡§•‡•á l ‡§∂‡§∞‡•ç‡§Æ ‡§®‡§π‡•Ä‡§Ç ‡§Ü‡§§‡•Ä ‡§ù‡•Ç‡§† ‡§¨‡•ã‡§≤‡§®‡•á ‡§Æ‡•á‡§Ç l ‡§Ö‡§¨ ‡§§‡•ã ‡§§‡•Å‡§Æ ‡§ó‡•Ç‡§Ç‡§ó‡•Ä ‡§¨‡§® ‡§ú‡§æ‡§ì‡§ó‡•Ä ‡§ù‡•Ç‡§† ‡§ï‡§æ ‡§ï‡•Å‡§õ ‡§® ‡§ï‡•Å‡§õ ‡§¨‡•ã‡§≤‡§§‡•á ‡§∞‡§π‡§®‡§æ ‡§π‡•à,279.0,jharkhand     government  l    recruitment policy   l       general   recruitment     exams    subject   l       l,Politics,Neutral
Itna besharam neta hai ki harne ke baad courstey mein thanks bhi Nahi Bola. Bapaiti maan Kar rakha hai ki vote denge sab bus family ko,134.0,itna besharam neta hai ki harne ke baad courstey mein thanks bhi nahi bola bapaiti maan kar rakha hai ki vote denge sab bus family ko,Politics,Neutral
"Declare surjewala ji n shailja as cm n deputy cm even before forming government. They look very eager to be cm. GOP knows, how to snatch defeat even when public wanted dem to be in power.",187.0,declare surjewala ji n shailja as cm n deputy cm even before forming government they look very eager to be cm gop knows how to snatch defeat even when public wanted dem to be in power,Politics,Neutral
"Mad Pappu. Whenever Congress lost any election , accused to BJP &amp; ECI. Never investigate own fault.",103.0,mad pappu whenever congress lost any election  accused to bjp amp eci never investigate own fault,Politics,Neutral
vote Kia tabhi to tu kute se suar ban gaya waise mohan Dass ne tujhe aapna sir name deke tere hisse ki bhi ladkiyo ke sath brahmcharya ka prayog kar Liya bechara na to ladki milli na kursi mili ab kaise todega Bharat ko aapne amrican bap ke sath mill kar,254.0,vote kia tabhi to tu kute se suar ban gaya waise mohan dass ne tujhe aapna sir name deke tere hisse ki bhi ladkiyo ke sath brahmcharya ka prayog kar liya bechara na to ladki milli na kursi mili ab kaise todega bharat ko aapne amrican bap ke sath mill kar,Politics,Neutral
Local leaders thinks state is their jagir . shud have fight with &amp; . Central leadership shud leads and give final verdict . It is only way to work. Too much democracy won‚Äôt work,181.0,local leaders thinks state is their jagir  shud have fight with amp  central leadership shud leads and give final verdict  it is only way to work too much democracy wont work,Politics,Neutral
Hame aasa he ki aaj haryana &amp; jk election result me INC ki hi jit ho,72.0,hame aasa he ki aaj haryana amp jk election result me inc ki hi jit ho,Politics,Neutral
Vote for congress ‚ù§Ô∏è‚ù§Ô∏èüôè,23.0,vote for congress,Politics,Neutral
Rahul ji Congress is not only coming in Power in Haryana but also in other states. In coming elections of other states everywhere congress will be ruling party. Now the day is not far away when you will become the P M .,219.0,rahul ji congress is not only coming in power in haryana but also in other states in coming elections of other states everywhere congress will be ruling party now the day is not far away when you will become the p m,Politics,Neutral
Bhai aab hariyana walon ko toilet tax dena padega,49.0,bhai aab hariyana walon ko toilet tax dena padega,Economy,Neutral
#badlohaalaat #HaryanaElection2024 #HR_Vote4Congress,52.0,badlohaalaat haryanaelection hrvotecongress,Politics,Negative
It is unfortunate if BJP looses in both the states. It shows that voters are still required to be educated. We will see more states moving towards bankruptcy like Himachal Pradesh . Reason -No talent and experts available,221.0,it is unfortunate if bjp looses in both the states it shows that voters are still required to be educated we will see more states moving towards bankruptcy like himachal pradesh  reason no talent and experts available,Politics,Neutral
I‚Äôm grateful to Lord Shiva for blessing me as a Hindu &amp; giving me the wisdom to see through Congress‚Äôs power-hungry agenda. This clarity helps me recognize how leaders like put political gain above the nation‚Äôs true interests.,230.0,im grateful to lord shiva for blessing me as a hindu amp giving me the wisdom to see through congresss powerhungry agenda this clarity helps me recognize how leaders like put political gain above the nations true interests,Politics,Neutral
Rahul Gandhi ji We are Winning Haryana Completely üî•üáÆüá≥üî•üáÆüá≥üî•üáÆüá≥üáÆüá≥üáÆüá≥üî•üáÆüá≥ ABP News Matrize #ExitPoll predicts Congress Tsunami in Haryana ‚ö° INC : 62 üî• BJP : 18 OTH : 10 #HaryanaAssemblyElections2024,191.0,rahul gandhi ji we are winning haryana completely  abp news matrize exitpoll predicts congress tsunami in haryana  inc    bjp   oth   haryanaassemblyelections,Politics,Neutral
‡§π‡§ø‡§Æ‡§æ‡§ö‡§≤ ‡§Æ‡•á‡§Ç TOILET TAX ‡§≤‡§ó‡§®‡•á ‡§ï‡•á ‡§¨‡§æ‡§¶ ‡§≤‡•ã‡§ü‡•á ‡§ï‡•Ä ‡§¨‡§ø‡§ï‡•ç‡§∞‡•Ä ‡§Æ‡•á‡§Ç ‡§≠‡§æ‡§∞‡•Ä ‡§â‡§õ‡§æ‡§≤ #joke #comedy #fun,81.0,toilet tax          joke comedy fun,Economy,Neutral
Vote bjp ko kiye hai,20.0,vote bjp ko kiye hai,Politics,Neutral
Vote bjp ko kiye hai,20.0,vote bjp ko kiye hai,Politics,Neutral
Vote bjp ko kiye hai,20.0,vote bjp ko kiye hai,Politics,Neutral
Vote bjp ko kiye hai,20.0,vote bjp ko kiye hai,Politics,Neutral
Vote bjp ko kiye hai,20.0,vote bjp ko kiye hai,Politics,Neutral
Vote bjp ko kiye hai,20.0,vote bjp ko kiye hai,Politics,Neutral
Vote bjp ko kiye hai,20.0,vote bjp ko kiye hai,Politics,Neutral
Vote bjp ko kiye hai,20.0,vote bjp ko kiye hai,Politics,Neutral
Vote bjp ko kiye hai,20.0,vote bjp ko kiye hai,Politics,Neutral
Vote bjp ko kiye hai,20.0,vote bjp ko kiye hai,Politics,Neutral
Vote bjp ko kiye hai,20.0,vote bjp ko kiye hai,Politics,Neutral
Vote bjp ko kiye hai,20.0,vote bjp ko kiye hai,Politics,Neutral
Vote bjp ko kiye hai,20.0,vote bjp ko kiye hai,Politics,Neutral
Vote bjp ko kiye hai,20.0,vote bjp ko kiye hai,Politics,Neutral
Vote bjp ko kiye hai,20.0,vote bjp ko kiye hai,Politics,Neutral
Vote bjp ko kiye hai,20.0,vote bjp ko kiye hai,Politics,Neutral
Vote bjp ko kiye hai,20.0,vote bjp ko kiye hai,Politics,Neutral
Vote bjp ko kiye hai,20.0,vote bjp ko kiye hai,Politics,Neutral
Vote bjp ko kiye hai,20.0,vote bjp ko kiye hai,Politics,Neutral
Vote bjp ko kiye hai,20.0,vote bjp ko kiye hai,Politics,Neutral
Vote bjp ko kiye hai,20.0,vote bjp ko kiye hai,Politics,Neutral
Vote bjp ko kiye hai,20.0,vote bjp ko kiye hai,Politics,Neutral
Vote bjp ko kiye hai,20.0,vote bjp ko kiye hai,Politics,Neutral
Vote bjp ko kiye hai,20.0,vote bjp ko kiye hai,Politics,Neutral
Vote bjp ko kiye hai,20.0,vote bjp ko kiye hai,Politics,Neutral
Vote bjp ko kiye hai,20.0,vote bjp ko kiye hai,Politics,Neutral
Vote bjp ko kiye hai,20.0,vote bjp ko kiye hai,Politics,Neutral
Vote bjp ko kiye hai,20.0,vote bjp ko kiye hai,Politics,Neutral
Vote bjp ko kiye hai,20.0,vote bjp ko kiye hai,Politics,Neutral
Vote bjp ko kiye hai,20.0,vote bjp ko kiye hai,Politics,Neutral
Vote bjp ko kiye hai,20.0,vote bjp ko kiye hai,Politics,Neutral
Even in parliamentary elections it is suspected that EVMs were manipulated . One step further in the suspicion is that a foreign country's intelligence may have been sought by the advantaged,190.0,even in parliamentary elections it is suspected that evms were manipulated  one step further in the suspicion is that a foreign countrys intelligence may have been sought by the advantaged,Politics,Neutral
Congressmen must learn micro management of elections,52.0,congressmen must learn micro management of elections,Politics,Neutral
"Congressmen have paid for their complacency in Haryana. Congressmen can't take it easy until the last vote is counted. BJP/RSS are wicked &amp; perverted entities, who can go to any extent- fraud &amp; deceit - to win; after all Gita says act can be justified in discharge of duties",282.0,congressmen have paid for their complacency in haryana congressmen cant take it easy until the last vote is counted bjprss are wicked amp perverted entities who can go to any extent fraud amp deceit  to win after all gita says act can be justified in discharge of duties,Politics,Neutral
"Yes, indeed. All people from Haryana have given full hearted support and threw your idiotic idea and your party into dustbin. Why not you start your factory? You may succeed in the venture as you have veen a succesively failed ok more than 80-90 elections.",256.0,yes indeed all people from haryana have given full hearted support and threw your idiotic idea and your party into dustbin why not you start your factory you may succeed in the venture as you have veen a succesively failed ok more than  elections,Politics,Neutral
I am so glad you are the leader of Congress. Gandhiji's wish of end of Congress will be fulfilled..,99.0,i am so glad you are the leader of congress gandhijis wish of end of congress will be fulfilled,Politics,Neutral
"INDIAN NOW PROUD AND LUCKY FOR THE GREAT INDIAN LEADER SRIMAN RAHUL GANDHI JI THE PERSON OF TWENTY FIRST CENTURY, BECAUSE OF GANDHI JI OF TWENTY FIRST CENTURY THEY THINK SEFTY THEMSELVES DUE TO BJP'S AND IT'S WILDECONOMEY THE NATION FACE DIFFICULTIES AND MUCH HAZARD",266.0,indian now proud and lucky for the great indian leader sriman rahul gandhi ji the person of twenty first century because of gandhi ji of twenty first century they think sefty themselves due to bjps and its wildeconomey the nation face difficulties and much hazard,Politics,Positive
Is the election free now? EVM trustworthy?,42.0,is the election free now evm trustworthy,Politics,Neutral
Please dont vote congress we telagana people are sufferingüôèsave your State form congress before you vote just call any of you friends in telagana,145.0,please dont vote congress we telagana people are sufferingsave your state form congress before you vote just call any of you friends in telagana,Politics,Neutral
Ye ghar ki roti aap elections ke baad khane kyu nh aaty ho??,60.0,ye ghar ki roti aap elections ke baad khane kyu nh aaty ho,Politics,Neutral
Vote for congress. I will vote for congress today,49.0,vote for congress i will vote for congress today,Politics,Neutral
Why this drama of eating at common people residence during elections &amp; paad yatras by all the politicians? It‚Äôs basically to insult them. See we are leaders and powerful yet eating in a poor person‚Äôs home.,209.0,why this drama of eating at common people residence during elections amp paad yatras by all the politicians its basically to insult them see we are leaders and powerful yet eating in a poor persons home,Politics,Neutral
"In Bangladesh, minority persecution is ongoing, every day somewhere in the country temples are attacked, idols are vandalized, Hindu property is looted, Hindu women are kidnapped and raped, The government of Bangladesh talks about remedies but in reality it is null and void.",275.0,in bangladesh minority persecution is ongoing every day somewhere in the country temples are attacked idols are vandalized hindu property is looted hindu women are kidnapped and raped the government of bangladesh talks about remedies but in reality it is null and void,Politics,Neutral
‚úçÔ∏è‚úçÔ∏è‚úçÔ∏è #HaryanaElection2024,27.0,haryanaelection,Politics,Neutral
HIMACHAL KA BHI BOL DE NAA THODA SA WO TOILET TAX KA KYA HUA,60.0,himachal ka bhi bol de naa thoda sa wo toilet tax ka kya hua,Economy,Neutral
Congress ka joakr ab toilet par tax laga raha hai LOP ke naam par dhabba hai,76.0,congress ka joakr ab toilet par tax laga raha hai lop ke naam par dhabba hai,Economy,Neutral
HIMACHAL KA BHI BOL DE NAA THODA SA WO TOILET TAX KA KYA HUA,60.0,himachal ka bhi bol de naa thoda sa wo toilet tax ka kya hua,Economy,Neutral
Congress ka joakr ab toilet par tax laga raha hai LOP ke naam par dhabba hai,76.0,congress ka joakr ab toilet par tax laga raha hai lop ke naam par dhabba hai,Economy,Neutral
HIMACHAL KA BHI BOL DE NAA THODA SA WO TOILET TAX KA KYA HUA,60.0,himachal ka bhi bol de naa thoda sa wo toilet tax ka kya hua,Economy,Neutral
Congress ka joakr ab toilet par tax laga raha hai LOP ke naam par dhabba hai,76.0,congress ka joakr ab toilet par tax laga raha hai lop ke naam par dhabba hai,Economy,Neutral
HIMACHAL KA BHI BOL DE NAA THODA SA WO TOILET TAX KA KYA HUA,60.0,himachal ka bhi bol de naa thoda sa wo toilet tax ka kya hua,Economy,Neutral
Congress ka joakr ab toilet par tax laga raha hai LOP ke naam par dhabba hai,76.0,congress ka joakr ab toilet par tax laga raha hai lop ke naam par dhabba hai,Economy,Neutral
HIMACHAL KA BHI BOL DE NAA THODA SA WO TOILET TAX KA KYA HUA,60.0,himachal ka bhi bol de naa thoda sa wo toilet tax ka kya hua,Economy,Neutral
Congress ka joakr ab toilet par tax laga raha hai LOP ke naam par dhabba hai,76.0,congress ka joakr ab toilet par tax laga raha hai lop ke naam par dhabba hai,Economy,Neutral
HIMACHAL KA BHI BOL DE NAA THODA SA WO TOILET TAX KA KYA HUA,60.0,himachal ka bhi bol de naa thoda sa wo toilet tax ka kya hua,Economy,Neutral
Congress ka joakr ab toilet par tax laga raha hai LOP ke naam par dhabba hai,76.0,congress ka joakr ab toilet par tax laga raha hai lop ke naam par dhabba hai,Economy,Neutral
HIMACHAL KA BHI BOL DE NAA THODA SA WO TOILET TAX KA KYA HUA,60.0,himachal ka bhi bol de naa thoda sa wo toilet tax ka kya hua,Economy,Neutral
Congress ka joakr ab toilet par tax laga raha hai LOP ke naam par dhabba hai,76.0,congress ka joakr ab toilet par tax laga raha hai lop ke naam par dhabba hai,Economy,Neutral
HIMACHAL KA BHI BOL DE NAA THODA SA WO TOILET TAX KA KYA HUA,60.0,himachal ka bhi bol de naa thoda sa wo toilet tax ka kya hua,Economy,Neutral
Congress ka joakr ab toilet par tax laga raha hai LOP ke naam par dhabba hai,76.0,congress ka joakr ab toilet par tax laga raha hai lop ke naam par dhabba hai,Economy,Neutral
HIMACHAL KA BHI BOL DE NAA THODA SA WO TOILET TAX KA KYA HUA,60.0,himachal ka bhi bol de naa thoda sa wo toilet tax ka kya hua,Economy,Neutral
Congress ka joakr ab toilet par tax laga raha hai LOP ke naam par dhabba hai,76.0,congress ka joakr ab toilet par tax laga raha hai lop ke naam par dhabba hai,Economy,Neutral
HIMACHAL KA BHI BOL DE NAA THODA SA WO TOILET TAX KA KYA HUA,60.0,himachal ka bhi bol de naa thoda sa wo toilet tax ka kya hua,Economy,Neutral
Congress ka joakr ab toilet par tax laga raha hai LOP ke naam par dhabba hai,76.0,congress ka joakr ab toilet par tax laga raha hai lop ke naam par dhabba hai,Economy,Neutral
HIMACHAL KA BHI BOL DE NAA THODA SA WO TOILET TAX KA KYA HUA,60.0,himachal ka bhi bol de naa thoda sa wo toilet tax ka kya hua,Economy,Neutral
Congress ka joakr ab toilet par tax laga raha hai LOP ke naam par dhabba hai,76.0,congress ka joakr ab toilet par tax laga raha hai lop ke naam par dhabba hai,Economy,Neutral
HIMACHAL KA BHI BOL DE NAA THODA SA WO TOILET TAX KA KYA HUA,60.0,himachal ka bhi bol de naa thoda sa wo toilet tax ka kya hua,Economy,Neutral
Congress ka joakr ab toilet par tax laga raha hai LOP ke naam par dhabba hai,76.0,congress ka joakr ab toilet par tax laga raha hai lop ke naam par dhabba hai,Economy,Neutral
HIMACHAL KA BHI BOL DE NAA THODA SA WO TOILET TAX KA KYA HUA,60.0,himachal ka bhi bol de naa thoda sa wo toilet tax ka kya hua,Economy,Neutral
Congress ka joakr ab toilet par tax laga raha hai LOP ke naam par dhabba hai,76.0,congress ka joakr ab toilet par tax laga raha hai lop ke naam par dhabba hai,Economy,Neutral
HIMACHAL KA BHI BOL DE NAA THODA SA WO TOILET TAX KA KYA HUA,60.0,himachal ka bhi bol de naa thoda sa wo toilet tax ka kya hua,Economy,Neutral
Congress ka joakr ab toilet par tax laga raha hai LOP ke naam par dhabba hai,76.0,congress ka joakr ab toilet par tax laga raha hai lop ke naam par dhabba hai,Economy,Neutral
HIMACHAL KA BHI BOL DE NAA THODA SA WO TOILET TAX KA KYA HUA,60.0,himachal ka bhi bol de naa thoda sa wo toilet tax ka kya hua,Economy,Neutral
Congress ka joakr ab toilet par tax laga raha hai LOP ke naam par dhabba hai,76.0,congress ka joakr ab toilet par tax laga raha hai lop ke naam par dhabba hai,Economy,Neutral
HIMACHAL KA BHI BOL DE NAA THODA SA WO TOILET TAX KA KYA HUA,60.0,himachal ka bhi bol de naa thoda sa wo toilet tax ka kya hua,Economy,Neutral
Congress ka joakr ab toilet par tax laga raha hai LOP ke naam par dhabba hai,76.0,congress ka joakr ab toilet par tax laga raha hai lop ke naam par dhabba hai,Economy,Neutral
HIMACHAL KA BHI BOL DE NAA THODA SA WO TOILET TAX KA KYA HUA,60.0,himachal ka bhi bol de naa thoda sa wo toilet tax ka kya hua,Economy,Neutral
Congress ka joakr ab toilet par tax laga raha hai LOP ke naam par dhabba hai,76.0,congress ka joakr ab toilet par tax laga raha hai lop ke naam par dhabba hai,Economy,Neutral
HIMACHAL KA BHI BOL DE NAA THODA SA WO TOILET TAX KA KYA HUA,60.0,himachal ka bhi bol de naa thoda sa wo toilet tax ka kya hua,Economy,Neutral
Congress ka joakr ab toilet par tax laga raha hai LOP ke naam par dhabba hai,76.0,congress ka joakr ab toilet par tax laga raha hai lop ke naam par dhabba hai,Economy,Neutral
HIMACHAL KA BHI BOL DE NAA THODA SA WO TOILET TAX KA KYA HUA,60.0,himachal ka bhi bol de naa thoda sa wo toilet tax ka kya hua,Economy,Neutral
Congress ka joakr ab toilet par tax laga raha hai LOP ke naam par dhabba hai,76.0,congress ka joakr ab toilet par tax laga raha hai lop ke naam par dhabba hai,Economy,Neutral
HIMACHAL KA BHI BOL DE NAA THODA SA WO TOILET TAX KA KYA HUA,60.0,himachal ka bhi bol de naa thoda sa wo toilet tax ka kya hua,Economy,Neutral
Congress ka joakr ab toilet par tax laga raha hai LOP ke naam par dhabba hai,76.0,congress ka joakr ab toilet par tax laga raha hai lop ke naam par dhabba hai,Economy,Neutral
HIMACHAL KA BHI BOL DE NAA THODA SA WO TOILET TAX KA KYA HUA,60.0,himachal ka bhi bol de naa thoda sa wo toilet tax ka kya hua,Economy,Neutral
Congress ka joakr ab toilet par tax laga raha hai LOP ke naam par dhabba hai,76.0,congress ka joakr ab toilet par tax laga raha hai lop ke naam par dhabba hai,Economy,Neutral
HIMACHAL KA BHI BOL DE NAA THODA SA WO TOILET TAX KA KYA HUA,60.0,himachal ka bhi bol de naa thoda sa wo toilet tax ka kya hua,Economy,Neutral
Congress ka joakr ab toilet par tax laga raha hai LOP ke naam par dhabba hai,76.0,congress ka joakr ab toilet par tax laga raha hai lop ke naam par dhabba hai,Economy,Neutral
HIMACHAL KA BHI BOL DE NAA THODA SA WO TOILET TAX KA KYA HUA,60.0,himachal ka bhi bol de naa thoda sa wo toilet tax ka kya hua,Economy,Neutral
Congress ka joakr ab toilet par tax laga raha hai LOP ke naam par dhabba hai,76.0,congress ka joakr ab toilet par tax laga raha hai lop ke naam par dhabba hai,Economy,Neutral
HIMACHAL KA BHI BOL DE NAA THODA SA WO TOILET TAX KA KYA HUA,60.0,himachal ka bhi bol de naa thoda sa wo toilet tax ka kya hua,Economy,Neutral
Congress ka joakr ab toilet par tax laga raha hai LOP ke naam par dhabba hai,76.0,congress ka joakr ab toilet par tax laga raha hai lop ke naam par dhabba hai,Economy,Neutral
HIMACHAL KA BHI BOL DE NAA THODA SA WO TOILET TAX KA KYA HUA,60.0,himachal ka bhi bol de naa thoda sa wo toilet tax ka kya hua,Economy,Neutral
Congress ka joakr ab toilet par tax laga raha hai LOP ke naam par dhabba hai,76.0,congress ka joakr ab toilet par tax laga raha hai lop ke naam par dhabba hai,Economy,Neutral
HIMACHAL KA BHI BOL DE NAA THODA SA WO TOILET TAX KA KYA HUA,60.0,himachal ka bhi bol de naa thoda sa wo toilet tax ka kya hua,Economy,Neutral
Congress ka joakr ab toilet par tax laga raha hai LOP ke naam par dhabba hai,76.0,congress ka joakr ab toilet par tax laga raha hai lop ke naam par dhabba hai,Economy,Neutral
HIMACHAL KA BHI BOL DE NAA THODA SA WO TOILET TAX KA KYA HUA,60.0,himachal ka bhi bol de naa thoda sa wo toilet tax ka kya hua,Economy,Neutral
Congress ka joakr ab toilet par tax laga raha hai LOP ke naam par dhabba hai,76.0,congress ka joakr ab toilet par tax laga raha hai lop ke naam par dhabba hai,Economy,Neutral
HIMACHAL KA BHI BOL DE NAA THODA SA WO TOILET TAX KA KYA HUA,60.0,himachal ka bhi bol de naa thoda sa wo toilet tax ka kya hua,Economy,Neutral
Congress ka joakr ab toilet par tax laga raha hai LOP ke naam par dhabba hai,76.0,congress ka joakr ab toilet par tax laga raha hai lop ke naam par dhabba hai,Economy,Neutral
HIMACHAL KA BHI BOL DE NAA THODA SA WO TOILET TAX KA KYA HUA,60.0,himachal ka bhi bol de naa thoda sa wo toilet tax ka kya hua,Economy,Neutral
Congress ka joakr ab toilet par tax laga raha hai LOP ke naam par dhabba hai,76.0,congress ka joakr ab toilet par tax laga raha hai lop ke naam par dhabba hai,Economy,Neutral
HIMACHAL KA BHI BOL DE NAA THODA SA WO TOILET TAX KA KYA HUA,60.0,himachal ka bhi bol de naa thoda sa wo toilet tax ka kya hua,Economy,Neutral
Congress ka joakr ab toilet par tax laga raha hai LOP ke naam par dhabba hai,76.0,congress ka joakr ab toilet par tax laga raha hai lop ke naam par dhabba hai,Economy,Neutral
HIMACHAL KA BHI BOL DE NAA THODA SA WO TOILET TAX KA KYA HUA,60.0,himachal ka bhi bol de naa thoda sa wo toilet tax ka kya hua,Economy,Neutral
Congress ka joakr ab toilet par tax laga raha hai LOP ke naam par dhabba hai,76.0,congress ka joakr ab toilet par tax laga raha hai lop ke naam par dhabba hai,Economy,Neutral
Toilet tax,10.0,toilet tax,Economy,Neutral
Jo power mein hai uski agency hai kyun na inko independence de di jaye bill lao aur vote pao,92.0,jo power mein hai uski agency hai kyun na inko independence de di jaye bill lao aur vote pao,Politics,Neutral
"Sir, I just want an answer from your side why the economic difference between China and India. Why is the per capita income of Indians too low. Is Not considered as a failure for Congress party and government policy.",216.0,sir i just want an answer from your side why the economic difference between china and india why is the per capita income of indians too low is not considered as a failure for congress party and government policy,Politics,Neutral
sorry sir jab takk aap Mahira homes fraud ke baare mein kuch nahin kar sakte tabb takk aap 5000 voters ke liye useless hain.,124.0,sorry sir jab takk aap mahira homes fraud ke baare mein kuch nahin kar sakte tabb takk aap  voters ke liye useless hain,Politics,Neutral
Congratulations Thalaivar Janab RAHULJI IS our beloved Leader And SHER (LION) FOR ENTIRE CONGRESS COMMITTEE MEMBERS üëè RAHULJI JINDABAD üáÆüá≥,137.0,congratulations thalaivar janab rahulji is our beloved leader and sher lion for entire congress committee members  rahulji jindabad,Politics,Positive
"By now ,with the Haryana results , he would have made out that he is not cut out for politics...Strategy banaane ke liye primarily dimag chahiye rehtha hai #HaryanaElections",173.0,by now with the haryana results  he would have made out that he is not cut out for politicsstrategy banaane ke liye primarily dimag chahiye rehtha hai haryanaelections,Politics,Neutral
Citizens are afraid of your Khata khat ??? Now new Tax to Tax ???,65.0,citizens are afraid of your khata khat  now new tax to tax,Economy,Neutral
"‡§≠‡§à‡§Ø‡§æ ‡§ú‡§≤‡•á‡§¨‡•Ä ‡§ï‡•Ä ‡§´‡•à‡§ï‡•ç‡§ü‡•ç‡§∞‡•Ä ‡§≠‡•Ä ‡§≤‡§ó‡§µ‡§æ ‡§¶‡•Ä‡§ú‡§ø‡§è‡§ó‡§æ, ‡§Æ‡•ã‡§π‡§¨‡•ç‡§¨‡§§ ‡§ï‡•Ä ‡§¶‡•Å‡§ï‡§æ‡§® ‡§ï‡•á ‡§∏‡§æ‡§•‡•§ ‡§π‡§∞‡§ø‡§Ø‡§æ‡§£‡§æ ‡§µ‡§æ‡§≤‡•á ‡§≠‡•Ä ‡§Ö‡§¶‡§æ‡§®‡•Ä ‡§Ö‡§Ç‡§¨‡§æ‡§®‡•Ä ‡§ï‡•Ä ‡§§‡§∞‡§π ‡§ú‡§≤‡•á‡§¨‡•Ä ‡§¨‡•á‡§ö‡§ï‡§∞ ‡§Ö‡§Æ‡•Ä‡§∞ ‡§π‡•ã ‡§ú‡§æ‡§Ø‡•á‡§Ç‡§ó‡•á‡•§ #HariyanaElection2024",151.0,hariyanaelection,Politics,Neutral
Jalebi ki factory aur toilet seat par tax.!!!!!!!!,50.0,jalebi ki factory aur toilet seat par tax,Economy,Neutral
‡§ï‡§æ‡§Ç‡§ó‡•ç‡§∞‡•á‡§∏‡•Ä ‡§¨‡§¨‡§∞ ‡§∂‡•á‡§∞‡•ã ‡§Ö‡§™‡§®‡•á Tiger üêÖ ‡§∏‡•á ‡§™‡•Ç‡§õ‡•ã ‡§ï‡§ø ‡§Ø‡•á ‡§Æ‡§æ‡§Æ‡§≤‡§æ ‡§ï‡•ç‡§Ø‡§æ ‡§π‡•à ? ‡§µ‡•ã‡§ü‡§∞‡•ã‡§Ç ‡§∏‡•á ‡§§‡§æ‡§ï‡§º‡•Ä‡§¶ ‡§π‡•à ‡§ï‡§ø‡§É ‡§π‡§∞ ‡§ï‡§æ‡§Ç‡§ó‡•ç‡§∞‡•á‡§∏‡•Ä ‡§∏‡•á ‡§™‡•Ç‡§õ‡•á ‡§ï‡§ø ‚ÄòToilet Tax‚Äô ‡§§‡•ã ‡§®‡§π‡•Ä‡§Ç ‡§≤‡•ã‡§ó‡•ã‡§Ç ‡§ï‡•á ‡§â‡§™‡§∞ ‡§•‡•ã‡§™‡•á‡§Ç‡§ó‡•á ? ‡§π‡§ø‡§Æ‡§æ‡§ö‡§≤ ‡§™‡•ç‡§∞‡§¶‡•á‡§∂ ‡§Æ‡•á‡§Ç ‡§ï‡§æ‡§Ç‡§ó‡•ç‡§∞‡•á‡§∏ ‡§∏‡§∞‡§ï‡§æ‡§∞ ‡§®‡•á Toilet Tax ‡§ñ‡§ü‡§æ-‡§ñ‡§ü ‡§†‡•ã‡§ï ‡§¶‡§ø‡§Ø‡§æ ‡§π‡•à‚Ä¶ ‡§ê‡§ï ‡§ú‡§º‡§Æ‡§æ‡§®‡•á ‡§Æ‡•á‡§Ç ‡§ï‡§æ‡§Ç‡§ó‡•ç‡§∞‡•á‡§∏‡§ø‡§Ø‡•ã‡§Ç ‡§®‡•á ‚Äò‡§ö‡•Å‡§≤‡§π‡§æ ‡§ü‡•à‡§ï‡•ç‡§∏‚Äô ‡§≤‡§ó‡§æ‡§Ø‡§æ ‡§•‡§æ‚Ä¶üôÑ,275.0,tiger                    toilet tax              toilet tax,Economy,Neutral
What do you say about Zakir Naik's visit to Pak. Are you ready to promise he will be eliminated for hate speeches against Hindus. Will Mr Hooda ensure that all Hindus &amp; Sikhs are safe in Haryana. I appeal everyone to vote judiciously tomorrow.‡§Ø‡§π ‡§¶‡•Å‡§ï‡§æ‡§® ‡§∏‡§ø‡§∞‡•ç‡§´‡§º Naik ‡§ú‡•à‡§∏‡•ã‡§Ç ‡§ï‡•á ‡§≤‡§ø‡§è ‡§π‡•à,283.0,what do you say about zakir naiks visit to pak are you ready to promise he will be eliminated for hate speeches against hindus will mr hooda ensure that all hindus amp sikhs are safe in haryana i appeal everyone to vote judiciously tomorrow   naik,Politics,Negative
#HariyanaElection2024,21.0,hariyanaelection,Politics,Neutral
Democracy has ended in India officially -Haryana election results are proof.,76.0,democracy has ended in india officially haryana election results are proof,Politics,Neutral
Please dont vote congress we telagana people are sufferingüôèsave your State form congress before you vote just call any of you friends in telagana,145.0,please dont vote congress we telagana people are sufferingsave your state form congress before you vote just call any of you friends in telagana,Politics,Neutral
People of Haryana Just see Telagana news and vote congress,58.0,people of haryana just see telagana news and vote congress,Politics,Neutral
Dont Vote congress,18.0,dont vote congress,Politics,Neutral
"Please dont vote congress and dont bely congress ,just see conditions in our state Telangana and vote for congress dont believe Rahul promises",142.0,please dont vote congress and dont bely congress just see conditions in our state telangana and vote for congress dont believe rahul promises,Politics,Neutral
What this? Kavee Sammelan or Vote Baaji?,40.0,what this kavee sammelan or vote baaji,Politics,Neutral
Uncle the dunki route also costs in lacs but I guess you don't use logic. But I salute your capabilities to find Indian gareeb victims in any part of the world. Just elections should be around the corner. ü´°ü´°,207.0,uncle the dunki route also costs in lacs but i guess you dont use logic but i salute your capabilities to find indian gareeb victims in any part of the world just elections should be around the corner,Politics,Neutral
Haryana assembly elections Congress Jeetegi,43.0,haryana assembly elections congress jeetegi,Politics,Neutral
Congress Haryana me Government bnane ja rhi hai..,49.0,congress haryana me government bnane ja rhi hai,Politics,Neutral
Herald of a new era in Indian politics As signs her nomination papers in the presence of local Congress leaders for Wayanad,123.0,herald of a new era in indian politics as signs her nomination papers in the presence of local congress leaders for wayanad,Politics,Neutral
Herald of a new era in Indian politics As signs her nomination papers in the presence of local Congress leaders for Wayanad,123.0,herald of a new era in indian politics as signs her nomination papers in the presence of local congress leaders for wayanad,Politics,Neutral
Herald of a new era in Indian politics As signs her nomination papers in the presence of local Congress leaders for Wayanad,123.0,herald of a new era in indian politics as signs her nomination papers in the presence of local congress leaders for wayanad,Politics,Neutral
Herald of a new era in Indian politics As signs her nomination papers in the presence of local Congress leaders for Wayanad,123.0,herald of a new era in indian politics as signs her nomination papers in the presence of local congress leaders for wayanad,Politics,Neutral
Herald of a new era in Indian politics As signs her nomination papers in the presence of local Congress leaders for Wayanad,123.0,herald of a new era in indian politics as signs her nomination papers in the presence of local congress leaders for wayanad,Politics,Neutral
Herald of a new era in Indian politics As signs her nomination papers in the presence of local Congress leaders for Wayanad,123.0,herald of a new era in indian politics as signs her nomination papers in the presence of local congress leaders for wayanad,Politics,Neutral
Herald of a new era in Indian politics As signs her nomination papers in the presence of local Congress leaders for Wayanad,123.0,herald of a new era in indian politics as signs her nomination papers in the presence of local congress leaders for wayanad,Politics,Neutral
Herald of a new era in Indian politics As signs her nomination papers in the presence of local Congress leaders for Wayanad,123.0,herald of a new era in indian politics as signs her nomination papers in the presence of local congress leaders for wayanad,Politics,Neutral
Herald of a new era in Indian politics As signs her nomination papers in the presence of local Congress leaders for Wayanad,123.0,herald of a new era in indian politics as signs her nomination papers in the presence of local congress leaders for wayanad,Politics,Neutral
Herald of a new era in Indian politics As signs her nomination papers in the presence of local Congress leaders for Wayanad,123.0,herald of a new era in indian politics as signs her nomination papers in the presence of local congress leaders for wayanad,Politics,Neutral
Herald of a new era in Indian politics As signs her nomination papers in the presence of local Congress leaders for Wayanad,123.0,herald of a new era in indian politics as signs her nomination papers in the presence of local congress leaders for wayanad,Politics,Neutral
Herald of a new era in Indian politics As signs her nomination papers in the presence of local Congress leaders for Wayanad,123.0,herald of a new era in indian politics as signs her nomination papers in the presence of local congress leaders for wayanad,Politics,Neutral
Herald of a new era in Indian politics As signs her nomination papers in the presence of local Congress leaders for Wayanad,123.0,herald of a new era in indian politics as signs her nomination papers in the presence of local congress leaders for wayanad,Politics,Neutral
Herald of a new era in Indian politics As signs her nomination papers in the presence of local Congress leaders for Wayanad,123.0,herald of a new era in indian politics as signs her nomination papers in the presence of local congress leaders for wayanad,Politics,Neutral
Herald of a new era in Indian politics As signs her nomination papers in the presence of local Congress leaders for Wayanad,123.0,herald of a new era in indian politics as signs her nomination papers in the presence of local congress leaders for wayanad,Politics,Neutral
Herald of a new era in Indian politics As signs her nomination papers in the presence of local Congress leaders for Wayanad,123.0,herald of a new era in indian politics as signs her nomination papers in the presence of local congress leaders for wayanad,Politics,Neutral
Herald of a new era in Indian politics As signs her nomination papers in the presence of local Congress leaders for Wayanad,123.0,herald of a new era in indian politics as signs her nomination papers in the presence of local congress leaders for wayanad,Politics,Neutral
Herald of a new era in Indian politics As signs her nomination papers in the presence of local Congress leaders for Wayanad,123.0,herald of a new era in indian politics as signs her nomination papers in the presence of local congress leaders for wayanad,Politics,Neutral
Herald of a new era in Indian politics As signs her nomination papers in the presence of local Congress leaders for Wayanad,123.0,herald of a new era in indian politics as signs her nomination papers in the presence of local congress leaders for wayanad,Politics,Neutral
Herald of a new era in Indian politics As signs her nomination papers in the presence of local Congress leaders for Wayanad,123.0,herald of a new era in indian politics as signs her nomination papers in the presence of local congress leaders for wayanad,Politics,Neutral
Herald of a new era in Indian politics As signs her nomination papers in the presence of local Congress leaders for Wayanad,123.0,herald of a new era in indian politics as signs her nomination papers in the presence of local congress leaders for wayanad,Politics,Neutral
Herald of a new era in Indian politics As signs her nomination papers in the presence of local Congress leaders for Wayanad,123.0,herald of a new era in indian politics as signs her nomination papers in the presence of local congress leaders for wayanad,Politics,Neutral
Herald of a new era in Indian politics As signs her nomination papers in the presence of local Congress leaders for Wayanad,123.0,herald of a new era in indian politics as signs her nomination papers in the presence of local congress leaders for wayanad,Politics,Neutral
Herald of a new era in Indian politics As signs her nomination papers in the presence of local Congress leaders for Wayanad,123.0,herald of a new era in indian politics as signs her nomination papers in the presence of local congress leaders for wayanad,Politics,Neutral
Herald of a new era in Indian politics As signs her nomination papers in the presence of local Congress leaders for Wayanad,123.0,herald of a new era in indian politics as signs her nomination papers in the presence of local congress leaders for wayanad,Politics,Neutral
Herald of a new era in Indian politics As signs her nomination papers in the presence of local Congress leaders for Wayanad,123.0,herald of a new era in indian politics as signs her nomination papers in the presence of local congress leaders for wayanad,Politics,Neutral
Herald of a new era in Indian politics As signs her nomination papers in the presence of local Congress leaders for Wayanad,123.0,herald of a new era in indian politics as signs her nomination papers in the presence of local congress leaders for wayanad,Politics,Neutral
Herald of a new era in Indian politics As signs her nomination papers in the presence of local Congress leaders for Wayanad,123.0,herald of a new era in indian politics as signs her nomination papers in the presence of local congress leaders for wayanad,Politics,Neutral
Herald of a new era in Indian politics As signs her nomination papers in the presence of local Congress leaders for Wayanad,123.0,herald of a new era in indian politics as signs her nomination papers in the presence of local congress leaders for wayanad,Politics,Neutral
Herald of a new era in Indian politics As signs her nomination papers in the presence of local Congress leaders for Wayanad,123.0,herald of a new era in indian politics as signs her nomination papers in the presence of local congress leaders for wayanad,Politics,Neutral
Herald of a new era in Indian politics As signs her nomination papers in the presence of local Congress leaders for Wayanad,123.0,herald of a new era in indian politics as signs her nomination papers in the presence of local congress leaders for wayanad,Politics,Neutral
Herald of a new era in Indian politics As signs her nomination papers in the presence of local Congress leaders for Wayanad,123.0,herald of a new era in indian politics as signs her nomination papers in the presence of local congress leaders for wayanad,Politics,Neutral
Herald of a new era in Indian politics As signs her nomination papers in the presence of local Congress leaders for Wayanad,123.0,herald of a new era in indian politics as signs her nomination papers in the presence of local congress leaders for wayanad,Politics,Neutral
Herald of a new era in Indian politics As signs her nomination papers in the presence of local Congress leaders for Wayanad,123.0,herald of a new era in indian politics as signs her nomination papers in the presence of local congress leaders for wayanad,Politics,Neutral
Please dont vote congress we telagana people are sufferingüôèsave your State form congress before you vote just call any of you friends in telagana,145.0,please dont vote congress we telagana people are sufferingsave your state form congress before you vote just call any of you friends in telagana,Politics,Neutral
What's your education level !The cheap and false comments may give you some electoral advantage and cheer your blind followers but in reality it affects your personality. You are lowering the level of discourse.,211.0,whats your education level the cheap and false comments may give you some electoral advantage and cheer your blind followers but in reality it affects your personality you are lowering the level of discourse,Education,Neutral
‡§∞‡§æ‡§π‡•Å‡§≤ ‡§ó‡§æ‡§Å‡§ß‡•Ä ‡§ó‡§æ‡§Ø‡§¨ ‡§π‡•ã ‡§ó‡§Ø‡•á| 5600 ‡§ï‡§∞‡•ã‡§°‡§º ‡§ï‡•á ‡§°‡•ç‡§∞‡§ó‡•ç‡§∏ ‡§Æ‡§æ‡§Æ‡§≤‡•á ‡§Æ‡•á‡§Ç ‡§ï‡§æ‡§Ç‡§ó‡•ç‡§∞‡•á‡§∏ ‡§®‡•á‡§§‡§æ ‡§ó‡§ø‡§∞‡§´‡•ç‡§§‡§æ‡§∞| ‡§¨‡•Ä‡§ú‡•á‡§™‡•Ä ‡§®‡•á ‡§∞‡§æ‡§π‡•Å‡§≤ ‡§ó‡§æ‡§Ç‡§ß‡•Ä ‡§™‡§∞ ‡§∏‡§æ‡§ß‡§æ ‡§®‡§ø‡§∂‡§æ‡§®‡§æ Rahul Gandhi disappeared. Congress leader arrested in 5600 crore drug case. BJP targets Rahul Gandhi,217.0,rahul gandhi disappeared congress leader arrested in  crore drug case bjp targets rahul gandhi,Politics,Neutral
"Please dont vote congress and dont bely congress ,just see conditions in our state Telangana and vote for congress dont believe Rahul promises",142.0,please dont vote congress and dont bely congress just see conditions in our state telangana and vote for congress dont believe rahul promises,Politics,Neutral
Congress party's in Mr.Rahul Gandhi so definitely works there people find benefits if they place leader make Mr.Rahul Gandhi,124.0,congress partys in mrrahul gandhi so definitely works there people find benefits if they place leader make mrrahul gandhi,Politics,Neutral
"Jay shree krishna, Jay Congress, Jay SAMVIDHAN, Jay Hindustan, Voice of Nation, LoP, People's Leader, Jananayaak, Hindustan ka awaz Shaan Maan Eman, Rahul Gandhi Jindabad, Jay Jawan Jay Kishan, Jay Hind üáÆüá≥.",206.0,jay shree krishna jay congress jay samvidhan jay hindustan voice of nation lop peoples leader jananayaak hindustan ka awaz shaan maan eman rahul gandhi jindabad jay jawan jay kishan jay hind,Politics,Negative
Rahul Gandhi voice of India.Hariyana election support üòä,55.0,rahul gandhi voice of indiahariyana election support,Politics,Neutral
Rahul Gandhi voice of India.Hariyana election support,53.0,rahul gandhi voice of indiahariyana election support,Politics,Neutral
Nuh jit rahe he ch tahir Hussain jindabad vote for chasma INLD,62.0,nuh jit rahe he ch tahir hussain jindabad vote for chasma inld,Politics,Negative
"‡§ú‡§Ø ‡§Æ‡§æ‡§§‡§æ ‡§¶‡•Ä ‡§∞‡§æ‡§π‡•Å‡§≤ ‡§ú‡•Ä Respected sir, need of hour 1. Population control act 2. ‡§™‡•ã‡§≤‡•Ä‡§•‡•Ä‡§® ‡§Æ‡•Å‡§ï‡•ç‡§§ ‡§≠‡§æ‡§∞‡§§ 3. One nation one Law 4. One nation one education. 5. One nation one election",173.0,respected sir need of hour  population control act      one nation one law  one nation one education  one nation one election,Education,Neutral
Please dont vote congress we telagana people are sufferingüôèsave your State form congress before you vote just call any of you friends in telagana,145.0,please dont vote congress we telagana people are sufferingsave your state form congress before you vote just call any of you friends in telagana,Politics,Neutral
"‡§ú‡§ø‡§§‡§®‡•Ä ‡§ó‡§∞‡•Ä‡§¨‡•ã ‡§™‡§∞ ‡§∞‡§æ‡§π‡•Å‡§≤ ‡§ï‡•ã ‡§¶‡§Ø‡§æ ‡§Ö‡§¨ ‡§Ü ‡§∞‡§π‡•Ä‡§Ç ‡§π‡•à‡§Ç ‡§á‡§§‡§®‡•Ä 2004 ‡§Æ‡•á‡§Ç ‡§Ü‡§§‡•Ä ‡§§‡•ã congress ‡§ï‡§≠‡•Ä election ‡§π‡§æ‡§∞‡§§‡•Ä ‡§®‡§π‡•Ä‡§Ç, ‡§ú‡§¨ ‡§∞‡§æ‡§ú‡•Ä‡§µ ‡§ó‡§æ‡§Ç‡§ß‡•Ä ‡§ú‡•Ä picnics ‡§Æ‡§®‡§æ‡§®‡•á ‡§ï‡•á ‡§≤‡§ø‡§è INS ‡§µ‡§ø‡§∞‡§æ‡§ü aircraft carrier ‡§ï‡•ã as a ‡§™‡§ø‡§ï‡§®‡§ø‡§ï ‡§¨‡•ã‡§ü ‡§à‡§∏‡•ç‡§§‡•á‡§Æ‡§æ‡§≤ ‡§ï‡§∞‡•á‡§Ç‡§ó‡•á ‡§§‡•ã navy,‡§Ü‡§∞‡•ç‡§Æ‡•Ä, airforce ‡§ï‡§æ morals ‡§ï‡§π‡§æ‡§Å ‡§ú‡§æ‡§è‡§ó‡§æ, ships ‡§ï‡•á movements ‡§¨‡§π‡•Å‡§§ ‡§¨‡§°‡§º‡§æ ‡§Ö‡§™‡§∞‡§æ‡§ß",278.0,congress  election       picnics    ins  aircraft carrier  as a      navy airforce  morals   ships  movements,Politics,Neutral
Suniye sri lal Bahadur Shastri ke driver se kuch batein congress ka sach iske bad bhee kuch jaichand congress ko vote dete hain üò°üò°,130.0,suniye sri lal bahadur shastri ke driver se kuch batein congress ka sach iske bad bhee kuch jaichand congress ko vote dete hain,Politics,Negative
Jharkhand ayee paper lut giroh klye kuch bolye Sirf vote lne time hi ayeega,75.0,jharkhand ayee paper lut giroh klye kuch bolye sirf vote lne time hi ayeega,Politics,Neutral
Hey please check and remove your leaders from the Sports Federation Body,72.0,hey please check and remove your leaders from the sports federation body,Politics,Neutral
"Khelo india has developed sports infrastructure from University level to India is going to conduct the Olympics in 2036 . Congress never ever spent on sports infrastructure rather they organised asiad where corruption, contracts defame the sports .",248.0,khelo india has developed sports infrastructure from university level to india is going to conduct the olympics in   congress never ever spent on sports infrastructure rather they organised asiad where corruption contracts defame the sports,Education,Neutral
"Pls ensure that Congress works passionately on d path of its founding fathers. India must be the most developed and prosperous nation. Can education, health and skill development get maximum chuck of budget in center and states and UTs?",236.0,pls ensure that congress works passionately on d path of its founding fathers india must be the most developed and prosperous nation can education health and skill development get maximum chuck of budget in center and states and uts,Healthcare,Neutral
Abe hutiye teri government thi tab kya hal tha sabko pata hai tere jaisa harami koi nahi ho skta bharat ka gaddar,113.0,abe hutiye teri government thi tab kya hal tha sabko pata hai tere jaisa harami koi nahi ho skta bharat ka gaddar,Politics,Neutral
Sir FNO ka rule change kar diye hai jo lot 1/2 lack ka tha abb woh 15/20 lack ka kar diye hai gove ne ... retail trader ko maarne ko .. or financial institutions ko benefit dena hi motive hai... or equity par bi 5% tax increases kar diya gya hai.unemployment to already bahut hai,279.0,sir fno ka rule change kar diye hai jo lot  lack ka tha abb woh  lack ka kar diye hai gove ne  retail trader ko maarne ko  or financial institutions ko benefit dena hi motive hai or equity par bi  tax increases kar diya gya haiunemployment to already bahut hai,Economy,Neutral
What did get in return for praising the Chinese Economy during his recent US Visit? Here is an independent video on the state of the Chinese Economy.,149.0,what did get in return for praising the chinese economy during his recent us visit here is an independent video on the state of the chinese economy,Economy,Neutral
"Pls. Take a note for Haryana, ultimately INDIA üáÆüá≥üëçüèª Haryana needs Younger Leadership CM/Dy.CM...etc. with maximum Women's empowermentsüëçüèªüíØ No. Temporary, Sidharamya Style in Haryana, Never-ever! It will demage PM/Rahul Congress image in INDIA üáÆüá≥üëçüèª Open &amp; Transparent ü™îü™îü™îü™îü™î",275.0,pls take a note for haryana ultimately india  haryana needs younger leadership cmdycmetc with maximum womens empowerments no temporary sidharamya style in haryana neverever it will demage pmrahul congress image in india  open amp transparent,Politics,Neutral
‡Æ§‡ÆÆ‡Æø‡Æ¥‡Æ©‡Øç ‡Æï‡Ææ‡ÆÆ‡Æ∞‡Ææ‡Æú‡Æ∞‡Øç Everyone reminded our kamarajar. Because tamil nadu education father.üáÆüá≥,87.0,everyone reminded our kamarajar because tamil nadu education father,Education,Neutral
"K.Kamraj hailed from Tamil Nadu but is a NATIONAL leader remembered as a powerful Congress President, who presided over the transition from LB Shastri to Indiraji, heralding generational shift in the party. The ‚ÄòKamraj Plan‚Äô of Nehru‚Äôs reign was the beginning of this change",274.0,kkamraj hailed from tamil nadu but is a national leader remembered as a powerful congress president who presided over the transition from lb shastri to indiraji heralding generational shift in the party the kamraj plan of nehrus reign was the beginning of this change,Politics,Neutral
You and Congress party are not eligible to pronounce K.Kamaraj name ..! He is a role model for a true people leader. Drama group stay away...!,142.0,you and congress party are not eligible to pronounce kkamaraj name  he is a role model for a true people leader drama group stay away,Politics,Neutral
"It's an Emergency with food distribution. Make the Hospitality persons help reducing diseases spread from Distributors or Cooking person or Security. So, make Medical Camp for Blood checkup on AIDS, Corona, BP, Sugar, Maleria, Cholera &amp; Cancer prone employees &amp; make them resign.",287.0,its an emergency with food distribution make the hospitality persons help reducing diseases spread from distributors or cooking person or security so make medical camp for blood checkup on aids corona bp sugar maleria cholera amp cancer prone employees amp make them resign,Healthcare,Neutral
"Ever since the appointment of Indira Gandhi as the Prime Minister, indifference arose between her and the top leaders of the Congress, termed as the ""Syndicate"", led by Kamaraj. After the Congress victory in the 1967 Indian general election, the rift began to widen and Indira‚Ä¶",277.0,ever since the appointment of indira gandhi as the prime minister indifference arose between her and the top leaders of the congress termed as the syndicate led by kamaraj after the congress victory in the  indian general election the rift began to widen and indira,Politics,Neutral
How much Congress valued Kamraj ... He was the last leader from Tamilnad at national level. In the last 40 years Congress could not win Tamilnad. Learn from Congress how to lose,177.0,how much congress valued kamraj  he was the last leader from tamilnad at national level in the last  years congress could not win tamilnad learn from congress how to lose,Politics,Neutral
"Thank God we had leaders like shri k kamaraj ji not like yogi adityanath, hemant Biswa sarma and Mamata Banerjee",112.0,thank god we had leaders like shri k kamaraj ji not like yogi adityanath hemant biswa sarma and mamata banerjee,Politics,Neutral
"Rahul ji, I'm common person from Telangana state. My request please see how your government ruling Telangana. If you think everything is fine then forgot abt to become PM.",171.0,rahul ji im common person from telangana state my request please see how your government ruling telangana if you think everything is fine then forgot abt to become pm,Politics,Neutral
"Anti nationalist like u r don‚Äôt have rights to speak about üáÆüá≥ nation leaders, they were truly worked for üáÆüá≥ but as an opposition leader what u did?Scolding and trying to destabilising Indians when u visit foreign Do u speak about ur family like this in front of outsiders sir?",276.0,anti nationalist like u r dont have rights to speak about  nation leaders they were truly worked for  but as an opposition leader what u didscolding and trying to destabilising indians when u visit foreign do u speak about ur family like this in front of outsiders sir,Politics,Neutral
He most selfless man in indian history. In death bed he is having 120 rs only Father of tamilnadu education. Strong ladder to medical student of unprivileged.,158.0,he most selfless man in indian history in death bed he is having  rs only father of tamilnadu education strong ladder to medical student of unprivileged,Education,Neutral
"He was an Honest Politician, Having presented Opportunity to become Prime Minister after the Death of Shri Lal Bahadur Shastri Ji, He didn't choose to become PM but tried to fight for the Unity of INC. Years after Smt. Sonia Gandhi Ji did The Same after 2004 General Election.",276.0,he was an honest politician having presented opportunity to become prime minister after the death of shri lal bahadur shastri ji he didnt choose to become pm but tried to fight for the unity of inc years after smt sonia gandhi ji did the same after  general election,Politics,Neutral
"His legacy followed by congress party from 7 decades , this country would have become number one in the world by this time , congress leaders made mega scams and destroyed the country by disregarding this great leader.",218.0,his legacy followed by congress party from  decades  this country would have become number one in the world by this time  congress leaders made mega scams and destroyed the country by disregarding this great leader,Politics,Positive
This great leader was defeated thanks to Dravidian parties whom you have ties now ü§£ü§£ü§£ü§£ü§£ü§£,88.0,this great leader was defeated thanks to dravidian parties whom you have ties now,Politics,Positive
His education reforms were great,32.0,his education reforms were great,Education,Positive
Iconic leader from Tamilnadu? Indira Gandhi was an iconic leader from Raibareli? K Kamraj was the leader of a national status like Nehru.,137.0,iconic leader from tamilnadu indira gandhi was an iconic leader from raibareli k kamraj was the leader of a national status like nehru,Politics,Neutral
"Remembering K. Kamaraj, the visionary leader who played a crucial role in shaping India's destiny! His selfless dedication to the nation and upliftment of the marginalized continues to inspire generations. #KKamaraj #IndianHistory #Leadership",242.0,remembering k kamaraj the visionary leader who played a crucial role in shaping indias destiny his selfless dedication to the nation and upliftment of the marginalized continues to inspire generations kkamaraj indianhistory leadership,Politics,Neutral
One of the greatest leader ever,31.0,one of the greatest leader ever,Politics,Positive
"Tributes to Shri K. Kamaraj Ji on his death anniversary! His selfless service, humility &amp; dedication to empowering the marginalized inspire generations. Legacy: Free education Midday Meal Scheme Leadership in Congress split 1969 Bharat Ratna 1976 A true leader.",265.0,tributes to shri k kamaraj ji on his death anniversary his selfless service humility amp dedication to empowering the marginalized inspire generations legacy free education midday meal scheme leadership in congress split  bharat ratna  a true leader,Education,Neutral
"Paying heartfelt tributes to the legendary leader, Shri K. Kamaraj Ji. His unwavering commitment to education, equality, and the upliftment of the underprivileged is a beacon of hope for generations. May his visionary legacy continue to guide us towards a brighter, more inclusive‚Ä¶",281.0,paying heartfelt tributes to the legendary leader shri k kamaraj ji his unwavering commitment to education equality and the upliftment of the underprivileged is a beacon of hope for generations may his visionary legacy continue to guide us towards a brighter more inclusive,Education,Neutral
"Paying heartfelt tributes to the legendary leader, Shri K. Kamaraj Ji. His unwavering commitment to education, equality, and the upliftment of the underprivileged is a beacon of hope for generations. May his visionary legacy continue to guide us towards a brighter, more inclusive‚Ä¶",281.0,paying heartfelt tributes to the legendary leader shri k kamaraj ji his unwavering commitment to education equality and the upliftment of the underprivileged is a beacon of hope for generations may his visionary legacy continue to guide us towards a brighter more inclusive,Education,Neutral
"Paying heartfelt tributes to the legendary leader, Shri K. Kamaraj Ji. His unwavering commitment to education, equality, and the upliftment of the underprivileged is a beacon of hope for generations. May his visionary legacy continue to guide us towards a brighter, more inclusive‚Ä¶",281.0,paying heartfelt tributes to the legendary leader shri k kamaraj ji his unwavering commitment to education equality and the upliftment of the underprivileged is a beacon of hope for generations may his visionary legacy continue to guide us towards a brighter more inclusive,Education,Neutral
"Paying heartfelt tributes to the legendary leader, Shri K. Kamaraj Ji. His unwavering commitment to education, equality, and the upliftment of the underprivileged is a beacon of hope for generations. May his visionary legacy continue to guide us towards a brighter, more inclusive‚Ä¶",281.0,paying heartfelt tributes to the legendary leader shri k kamaraj ji his unwavering commitment to education equality and the upliftment of the underprivileged is a beacon of hope for generations may his visionary legacy continue to guide us towards a brighter more inclusive,Education,Neutral
"Paying heartfelt tributes to the legendary leader, Shri K. Kamaraj Ji. His unwavering commitment to education, equality, and the upliftment of the underprivileged is a beacon of hope for generations. May his visionary legacy continue to guide us towards a brighter, more inclusive‚Ä¶",281.0,paying heartfelt tributes to the legendary leader shri k kamaraj ji his unwavering commitment to education equality and the upliftment of the underprivileged is a beacon of hope for generations may his visionary legacy continue to guide us towards a brighter more inclusive,Education,Neutral
"Paying heartfelt tributes to the legendary leader, Shri K. Kamaraj Ji. His unwavering commitment to education, equality, and the upliftment of the underprivileged is a beacon of hope for generations. May his visionary legacy continue to guide us towards a brighter, more inclusive‚Ä¶",281.0,paying heartfelt tributes to the legendary leader shri k kamaraj ji his unwavering commitment to education equality and the upliftment of the underprivileged is a beacon of hope for generations may his visionary legacy continue to guide us towards a brighter more inclusive,Education,Neutral
"Paying heartfelt tributes to the legendary leader, Shri K. Kamaraj Ji. His unwavering commitment to education, equality, and the upliftment of the underprivileged is a beacon of hope for generations. May his visionary legacy continue to guide us towards a brighter, more inclusive‚Ä¶",281.0,paying heartfelt tributes to the legendary leader shri k kamaraj ji his unwavering commitment to education equality and the upliftment of the underprivileged is a beacon of hope for generations may his visionary legacy continue to guide us towards a brighter more inclusive,Education,Neutral
"Paying heartfelt tributes to the legendary leader, Shri K. Kamaraj Ji. His unwavering commitment to education, equality, and the upliftment of the underprivileged is a beacon of hope for generations. May his visionary legacy continue to guide us towards a brighter, more inclusive‚Ä¶",281.0,paying heartfelt tributes to the legendary leader shri k kamaraj ji his unwavering commitment to education equality and the upliftment of the underprivileged is a beacon of hope for generations may his visionary legacy continue to guide us towards a brighter more inclusive,Education,Neutral
"Paying heartfelt tributes to the legendary leader, Shri K. Kamaraj Ji. His unwavering commitment to education, equality, and the upliftment of the underprivileged is a beacon of hope for generations. May his visionary legacy continue to guide us towards a brighter, more inclusive‚Ä¶",281.0,paying heartfelt tributes to the legendary leader shri k kamaraj ji his unwavering commitment to education equality and the upliftment of the underprivileged is a beacon of hope for generations may his visionary legacy continue to guide us towards a brighter more inclusive,Education,Neutral
"Paying heartfelt tributes to the legendary leader, Shri K. Kamaraj Ji. His unwavering commitment to education, equality, and the upliftment of the underprivileged is a beacon of hope for generations. May his visionary legacy continue to guide us towards a brighter, more inclusive‚Ä¶",281.0,paying heartfelt tributes to the legendary leader shri k kamaraj ji his unwavering commitment to education equality and the upliftment of the underprivileged is a beacon of hope for generations may his visionary legacy continue to guide us towards a brighter more inclusive,Education,Neutral
"Paying heartfelt tributes to the legendary leader, Shri K. Kamaraj Ji. His unwavering commitment to education, equality, and the upliftment of the underprivileged is a beacon of hope for generations. May his visionary legacy continue to guide us towards a brighter, more inclusive‚Ä¶",281.0,paying heartfelt tributes to the legendary leader shri k kamaraj ji his unwavering commitment to education equality and the upliftment of the underprivileged is a beacon of hope for generations may his visionary legacy continue to guide us towards a brighter more inclusive,Education,Neutral
"Paying heartfelt tributes to the legendary leader, Shri K. Kamaraj Ji. His unwavering commitment to education, equality, and the upliftment of the underprivileged is a beacon of hope for generations. May his visionary legacy continue to guide us towards a brighter, more inclusive‚Ä¶",281.0,paying heartfelt tributes to the legendary leader shri k kamaraj ji his unwavering commitment to education equality and the upliftment of the underprivileged is a beacon of hope for generations may his visionary legacy continue to guide us towards a brighter more inclusive,Education,Neutral
"Paying heartfelt tributes to the legendary leader, Shri K. Kamaraj Ji. His unwavering commitment to education, equality, and the upliftment of the underprivileged is a beacon of hope for generations. May his visionary legacy continue to guide us towards a brighter, more inclusive‚Ä¶",281.0,paying heartfelt tributes to the legendary leader shri k kamaraj ji his unwavering commitment to education equality and the upliftment of the underprivileged is a beacon of hope for generations may his visionary legacy continue to guide us towards a brighter more inclusive,Education,Neutral
"Paying heartfelt tributes to the legendary leader, Shri K. Kamaraj Ji. His unwavering commitment to education, equality, and the upliftment of the underprivileged is a beacon of hope for generations. May his visionary legacy continue to guide us towards a brighter, more inclusive‚Ä¶",281.0,paying heartfelt tributes to the legendary leader shri k kamaraj ji his unwavering commitment to education equality and the upliftment of the underprivileged is a beacon of hope for generations may his visionary legacy continue to guide us towards a brighter more inclusive,Education,Neutral
"Paying heartfelt tributes to the legendary leader, Shri K. Kamaraj Ji. His unwavering commitment to education, equality, and the upliftment of the underprivileged is a beacon of hope for generations. May his visionary legacy continue to guide us towards a brighter, more inclusive‚Ä¶",281.0,paying heartfelt tributes to the legendary leader shri k kamaraj ji his unwavering commitment to education equality and the upliftment of the underprivileged is a beacon of hope for generations may his visionary legacy continue to guide us towards a brighter more inclusive,Education,Neutral
"Paying heartfelt tributes to the legendary leader, Shri K. Kamaraj Ji. His unwavering commitment to education, equality, and the upliftment of the underprivileged is a beacon of hope for generations. May his visionary legacy continue to guide us towards a brighter, more inclusive‚Ä¶",281.0,paying heartfelt tributes to the legendary leader shri k kamaraj ji his unwavering commitment to education equality and the upliftment of the underprivileged is a beacon of hope for generations may his visionary legacy continue to guide us towards a brighter more inclusive,Education,Neutral
"Paying heartfelt tributes to the legendary leader, Shri K. Kamaraj Ji. His unwavering commitment to education, equality, and the upliftment of the underprivileged is a beacon of hope for generations. May his visionary legacy continue to guide us towards a brighter, more inclusive‚Ä¶",281.0,paying heartfelt tributes to the legendary leader shri k kamaraj ji his unwavering commitment to education equality and the upliftment of the underprivileged is a beacon of hope for generations may his visionary legacy continue to guide us towards a brighter more inclusive,Education,Neutral
"Paying heartfelt tributes to the legendary leader, Shri K. Kamaraj Ji. His unwavering commitment to education, equality, and the upliftment of the underprivileged is a beacon of hope for generations. May his visionary legacy continue to guide us towards a brighter, more inclusive‚Ä¶",281.0,paying heartfelt tributes to the legendary leader shri k kamaraj ji his unwavering commitment to education equality and the upliftment of the underprivileged is a beacon of hope for generations may his visionary legacy continue to guide us towards a brighter more inclusive,Education,Neutral
"Paying heartfelt tributes to the legendary leader, Shri K. Kamaraj Ji. His unwavering commitment to education, equality, and the upliftment of the underprivileged is a beacon of hope for generations. May his visionary legacy continue to guide us towards a brighter, more inclusive‚Ä¶",281.0,paying heartfelt tributes to the legendary leader shri k kamaraj ji his unwavering commitment to education equality and the upliftment of the underprivileged is a beacon of hope for generations may his visionary legacy continue to guide us towards a brighter more inclusive,Education,Neutral
"Paying heartfelt tributes to the legendary leader, Shri K. Kamaraj Ji. His unwavering commitment to education, equality, and the upliftment of the underprivileged is a beacon of hope for generations. May his visionary legacy continue to guide us towards a brighter, more inclusive‚Ä¶",281.0,paying heartfelt tributes to the legendary leader shri k kamaraj ji his unwavering commitment to education equality and the upliftment of the underprivileged is a beacon of hope for generations may his visionary legacy continue to guide us towards a brighter more inclusive,Education,Neutral
"Paying heartfelt tributes to the legendary leader, Shri K. Kamaraj Ji. His unwavering commitment to education, equality, and the upliftment of the underprivileged is a beacon of hope for generations. May his visionary legacy continue to guide us towards a brighter, more inclusive‚Ä¶",281.0,paying heartfelt tributes to the legendary leader shri k kamaraj ji his unwavering commitment to education equality and the upliftment of the underprivileged is a beacon of hope for generations may his visionary legacy continue to guide us towards a brighter more inclusive,Education,Neutral
"Paying heartfelt tributes to the legendary leader, Shri K. Kamaraj Ji. His unwavering commitment to education, equality, and the upliftment of the underprivileged is a beacon of hope for generations. May his visionary legacy continue to guide us towards a brighter, more inclusive‚Ä¶",281.0,paying heartfelt tributes to the legendary leader shri k kamaraj ji his unwavering commitment to education equality and the upliftment of the underprivileged is a beacon of hope for generations may his visionary legacy continue to guide us towards a brighter more inclusive,Education,Neutral
"Paying heartfelt tributes to the legendary leader, Shri K. Kamaraj Ji. His unwavering commitment to education, equality, and the upliftment of the underprivileged is a beacon of hope for generations. May his visionary legacy continue to guide us towards a brighter, more inclusive‚Ä¶",281.0,paying heartfelt tributes to the legendary leader shri k kamaraj ji his unwavering commitment to education equality and the upliftment of the underprivileged is a beacon of hope for generations may his visionary legacy continue to guide us towards a brighter more inclusive,Education,Neutral
"Paying heartfelt tributes to the legendary leader, Shri K. Kamaraj Ji. His unwavering commitment to education, equality, and the upliftment of the underprivileged is a beacon of hope for generations. May his visionary legacy continue to guide us towards a brighter, more inclusive‚Ä¶",281.0,paying heartfelt tributes to the legendary leader shri k kamaraj ji his unwavering commitment to education equality and the upliftment of the underprivileged is a beacon of hope for generations may his visionary legacy continue to guide us towards a brighter more inclusive,Education,Neutral
"Paying heartfelt tributes to the legendary leader, Shri K. Kamaraj Ji. His unwavering commitment to education, equality, and the upliftment of the underprivileged is a beacon of hope for generations. May his visionary legacy continue to guide us towards a brighter, more inclusive‚Ä¶",281.0,paying heartfelt tributes to the legendary leader shri k kamaraj ji his unwavering commitment to education equality and the upliftment of the underprivileged is a beacon of hope for generations may his visionary legacy continue to guide us towards a brighter more inclusive,Education,Neutral
"Paying heartfelt tributes to the legendary leader, Shri K. Kamaraj Ji. His unwavering commitment to education, equality, and the upliftment of the underprivileged is a beacon of hope for generations. May his visionary legacy continue to guide us towards a brighter, more inclusive‚Ä¶",281.0,paying heartfelt tributes to the legendary leader shri k kamaraj ji his unwavering commitment to education equality and the upliftment of the underprivileged is a beacon of hope for generations may his visionary legacy continue to guide us towards a brighter more inclusive,Education,Neutral
"Paying heartfelt tributes to the legendary leader, Shri K. Kamaraj Ji. His unwavering commitment to education, equality, and the upliftment of the underprivileged is a beacon of hope for generations. May his visionary legacy continue to guide us towards a brighter, more inclusive‚Ä¶",281.0,paying heartfelt tributes to the legendary leader shri k kamaraj ji his unwavering commitment to education equality and the upliftment of the underprivileged is a beacon of hope for generations may his visionary legacy continue to guide us towards a brighter more inclusive,Education,Neutral
"Paying heartfelt tributes to the legendary leader, Shri K. Kamaraj Ji. His unwavering commitment to education, equality, and the upliftment of the underprivileged is a beacon of hope for generations. May his visionary legacy continue to guide us towards a brighter, more inclusive‚Ä¶",281.0,paying heartfelt tributes to the legendary leader shri k kamaraj ji his unwavering commitment to education equality and the upliftment of the underprivileged is a beacon of hope for generations may his visionary legacy continue to guide us towards a brighter more inclusive,Education,Neutral
"Paying heartfelt tributes to the legendary leader, Shri K. Kamaraj Ji. His unwavering commitment to education, equality, and the upliftment of the underprivileged is a beacon of hope for generations. May his visionary legacy continue to guide us towards a brighter, more inclusive‚Ä¶",281.0,paying heartfelt tributes to the legendary leader shri k kamaraj ji his unwavering commitment to education equality and the upliftment of the underprivileged is a beacon of hope for generations may his visionary legacy continue to guide us towards a brighter more inclusive,Education,Neutral
"Paying heartfelt tributes to the legendary leader, Shri K. Kamaraj Ji. His unwavering commitment to education, equality, and the upliftment of the underprivileged is a beacon of hope for generations. May his visionary legacy continue to guide us towards a brighter, more inclusive‚Ä¶",281.0,paying heartfelt tributes to the legendary leader shri k kamaraj ji his unwavering commitment to education equality and the upliftment of the underprivileged is a beacon of hope for generations may his visionary legacy continue to guide us towards a brighter more inclusive,Education,Neutral
Please look after the most #corrupt #unprofessional #inefficient department of Maharashtra government,101.0,please look after the most corrupt unprofessional inefficient department of maharashtra government,Politics,Neutral
A great leader no doubt Shastriji's. He was a man of iron will who took firm decisions when the time came. He took such a decision in 1965 when he authorised the Indian army to march on to Lahore to make Pakistan vacate its aggression in Chhamb Jaurian. Ayub &amp; Tikka Khan'r amazed,284.0,a great leader no doubt shastrijis he was a man of iron will who took firm decisions when the time came he took such a decision in  when he authorised the indian army to march on to lahore to make pakistan vacate its aggression in chhamb jaurian ayub amp tikka khanr amazed,Politics,Positive
Real patriotic of india. The leader of farmer and soldier.,58.0,real patriotic of india the leader of farmer and soldier,Politics,Neutral
"‡§¨‡§æ‡§™‡•ç‡§™‡•Ç ‡§®‡•á ‡§ù‡•Ç‡§ü ‡§¨‡•ã‡§≤‡§®‡§æ ‡§≠‡•Ä ‡§∂‡§ø‡§ñ‡§æ‡§Ø‡§æ ‡§ï‡•ç‡§Ø‡§æ ‡§ñ‡§ü‡§æ ‡§ñ‡§ü scheme ‡§î‡§Ç‡§∞ ‡§∏‡§Ç‡§µ‡§ø‡§ß‡§æ‡§® ‡§¨‡§¶‡§≤‡§®‡§æ, ‡§ñ‡•Å‡§¶ ‡§Ü‡§∞‡§ï‡•ç‡§∑‡§£ ‡§ñ‡§§‡§Æ ‡§ï‡§∞‡§®‡§æ ‡§ö‡§æ‡§π‡§§‡§æ ‡§π‡•à ‡§î‡§Ç‡§∞ ‡§ï‡§π‡§§‡§æ ‡§π‡•à‡§Ç #BJP4IND ‡§Ü‡§∞‡§ï‡•ç‡§∑‡§£ ‡§ñ‡§§‡§Æ ‡§ï‡§∞‡•á‡§ó‡•Ä #HariyanaElection ‡§Ø‡•á ‡§ù‡•Å‡§†‡•á ‡§ï‡•ã ‡§∏‡§¨‡§ú ‡§∂‡§ø‡§ñ‡§æ‡§µ‡•ã #HariyanaElection2024 5 ‡§§‡§æ‡§∞‡•Ä‡§ñ ‡§ï‡•ã",208.0,scheme             bjpind    hariyanaelection      hariyanaelection,Politics,Neutral
"‡§¨‡§æ‡§™‡•ç‡§™‡•Ç ‡§®‡•á ‡§ù‡•Ç‡§ü ‡§¨‡•ã‡§≤‡§®‡§æ ‡§≠‡•Ä ‡§∂‡§ø‡§ñ‡§æ‡§Ø‡§æ ‡§ï‡•ç‡§Ø‡§æ ‡§ñ‡§ü‡§æ ‡§ñ‡§ü scheme ‡§î‡§Ç‡§∞ ‡§∏‡§Ç‡§µ‡§ø‡§ß‡§æ‡§® ‡§¨‡§¶‡§≤‡§®‡§æ, ‡§ñ‡•Å‡§¶ ‡§Ü‡§∞‡§ï‡•ç‡§∑‡§£ ‡§ñ‡§§‡§Æ ‡§ï‡§∞‡§®‡§æ ‡§ö‡§æ‡§π‡§§‡§æ ‡§π‡•à ‡§î‡§Ç‡§∞ ‡§ï‡§π‡§§‡§æ ‡§π‡•à‡§Ç #BJP4IND ‡§Ü‡§∞‡§ï‡•ç‡§∑‡§£ ‡§ñ‡§§‡§Æ ‡§ï‡§∞‡•á‡§ó‡•Ä #HariyanaElection ‡§Ø‡•á ‡§ù‡•Å‡§†‡•á ‡§ï‡•ã ‡§∏‡§¨‡§ú ‡§∂‡§ø‡§ñ‡§æ‡§µ‡•ã #HariyanaElection2024 5 ‡§§‡§æ‡§∞‡•Ä‡§ñ ‡§ï‡•ã",208.0,scheme             bjpind    hariyanaelection      hariyanaelection,Politics,Neutral
"‡§¨‡§æ‡§™‡•ç‡§™‡•Ç ‡§®‡•á ‡§ù‡•Ç‡§ü ‡§¨‡•ã‡§≤‡§®‡§æ ‡§≠‡•Ä ‡§∂‡§ø‡§ñ‡§æ‡§Ø‡§æ ‡§ï‡•ç‡§Ø‡§æ ‡§ñ‡§ü‡§æ ‡§ñ‡§ü scheme ‡§î‡§Ç‡§∞ ‡§∏‡§Ç‡§µ‡§ø‡§ß‡§æ‡§® ‡§¨‡§¶‡§≤‡§®‡§æ, ‡§ñ‡•Å‡§¶ ‡§Ü‡§∞‡§ï‡•ç‡§∑‡§£ ‡§ñ‡§§‡§Æ ‡§ï‡§∞‡§®‡§æ ‡§ö‡§æ‡§π‡§§‡§æ ‡§π‡•à ‡§î‡§Ç‡§∞ ‡§ï‡§π‡§§‡§æ ‡§π‡•à‡§Ç #BJP4IND ‡§Ü‡§∞‡§ï‡•ç‡§∑‡§£ ‡§ñ‡§§‡§Æ ‡§ï‡§∞‡•á‡§ó‡•Ä #HariyanaElection ‡§Ø‡•á ‡§ù‡•Å‡§†‡•á ‡§ï‡•ã ‡§∏‡§¨‡§ú ‡§∂‡§ø‡§ñ‡§æ‡§µ‡•ã #HariyanaElection2024 5 ‡§§‡§æ‡§∞‡•Ä‡§ñ ‡§ï‡•ã",208.0,scheme             bjpind    hariyanaelection      hariyanaelection,Politics,Neutral
"‡§¨‡§æ‡§™‡•ç‡§™‡•Ç ‡§®‡•á ‡§ù‡•Ç‡§ü ‡§¨‡•ã‡§≤‡§®‡§æ ‡§≠‡•Ä ‡§∂‡§ø‡§ñ‡§æ‡§Ø‡§æ ‡§ï‡•ç‡§Ø‡§æ ‡§ñ‡§ü‡§æ ‡§ñ‡§ü scheme ‡§î‡§Ç‡§∞ ‡§∏‡§Ç‡§µ‡§ø‡§ß‡§æ‡§® ‡§¨‡§¶‡§≤‡§®‡§æ, ‡§ñ‡•Å‡§¶ ‡§Ü‡§∞‡§ï‡•ç‡§∑‡§£ ‡§ñ‡§§‡§Æ ‡§ï‡§∞‡§®‡§æ ‡§ö‡§æ‡§π‡§§‡§æ ‡§π‡•à ‡§î‡§Ç‡§∞ ‡§ï‡§π‡§§‡§æ ‡§π‡•à‡§Ç #BJP4IND ‡§Ü‡§∞‡§ï‡•ç‡§∑‡§£ ‡§ñ‡§§‡§Æ ‡§ï‡§∞‡•á‡§ó‡•Ä #HariyanaElection ‡§Ø‡•á ‡§ù‡•Å‡§†‡•á ‡§ï‡•ã ‡§∏‡§¨‡§ú ‡§∂‡§ø‡§ñ‡§æ‡§µ‡•ã #HariyanaElection2024 5 ‡§§‡§æ‡§∞‡•Ä‡§ñ ‡§ï‡•ã",208.0,scheme             bjpind    hariyanaelection      hariyanaelection,Politics,Neutral
"‡§¨‡§æ‡§™‡•ç‡§™‡•Ç ‡§®‡•á ‡§ù‡•Ç‡§ü ‡§¨‡•ã‡§≤‡§®‡§æ ‡§≠‡•Ä ‡§∂‡§ø‡§ñ‡§æ‡§Ø‡§æ ‡§ï‡•ç‡§Ø‡§æ ‡§ñ‡§ü‡§æ ‡§ñ‡§ü scheme ‡§î‡§Ç‡§∞ ‡§∏‡§Ç‡§µ‡§ø‡§ß‡§æ‡§® ‡§¨‡§¶‡§≤‡§®‡§æ, ‡§ñ‡•Å‡§¶ ‡§Ü‡§∞‡§ï‡•ç‡§∑‡§£ ‡§ñ‡§§‡§Æ ‡§ï‡§∞‡§®‡§æ ‡§ö‡§æ‡§π‡§§‡§æ ‡§π‡•à ‡§î‡§Ç‡§∞ ‡§ï‡§π‡§§‡§æ ‡§π‡•à‡§Ç #BJP4IND ‡§Ü‡§∞‡§ï‡•ç‡§∑‡§£ ‡§ñ‡§§‡§Æ ‡§ï‡§∞‡•á‡§ó‡•Ä #HariyanaElection ‡§Ø‡•á ‡§ù‡•Å‡§†‡•á ‡§ï‡•ã ‡§∏‡§¨‡§ú ‡§∂‡§ø‡§ñ‡§æ‡§µ‡•ã #HariyanaElection2024 5 ‡§§‡§æ‡§∞‡•Ä‡§ñ ‡§ï‡•ã",208.0,scheme             bjpind    hariyanaelection      hariyanaelection,Politics,Neutral
"‡§¨‡§æ‡§™‡•ç‡§™‡•Ç ‡§®‡•á ‡§ù‡•Ç‡§ü ‡§¨‡•ã‡§≤‡§®‡§æ ‡§≠‡•Ä ‡§∂‡§ø‡§ñ‡§æ‡§Ø‡§æ ‡§ï‡•ç‡§Ø‡§æ ‡§ñ‡§ü‡§æ ‡§ñ‡§ü scheme ‡§î‡§Ç‡§∞ ‡§∏‡§Ç‡§µ‡§ø‡§ß‡§æ‡§® ‡§¨‡§¶‡§≤‡§®‡§æ, ‡§ñ‡•Å‡§¶ ‡§Ü‡§∞‡§ï‡•ç‡§∑‡§£ ‡§ñ‡§§‡§Æ ‡§ï‡§∞‡§®‡§æ ‡§ö‡§æ‡§π‡§§‡§æ ‡§π‡•à ‡§î‡§Ç‡§∞ ‡§ï‡§π‡§§‡§æ ‡§π‡•à‡§Ç #BJP4IND ‡§Ü‡§∞‡§ï‡•ç‡§∑‡§£ ‡§ñ‡§§‡§Æ ‡§ï‡§∞‡•á‡§ó‡•Ä #HariyanaElection ‡§Ø‡•á ‡§ù‡•Å‡§†‡•á ‡§ï‡•ã ‡§∏‡§¨‡§ú ‡§∂‡§ø‡§ñ‡§æ‡§µ‡•ã #HariyanaElection2024 5 ‡§§‡§æ‡§∞‡•Ä‡§ñ ‡§ï‡•ã",208.0,scheme             bjpind    hariyanaelection      hariyanaelection,Politics,Neutral
"‡§¨‡§æ‡§™‡•ç‡§™‡•Ç ‡§®‡•á ‡§ù‡•Ç‡§ü ‡§¨‡•ã‡§≤‡§®‡§æ ‡§≠‡•Ä ‡§∂‡§ø‡§ñ‡§æ‡§Ø‡§æ ‡§ï‡•ç‡§Ø‡§æ ‡§ñ‡§ü‡§æ ‡§ñ‡§ü scheme ‡§î‡§Ç‡§∞ ‡§∏‡§Ç‡§µ‡§ø‡§ß‡§æ‡§® ‡§¨‡§¶‡§≤‡§®‡§æ, ‡§ñ‡•Å‡§¶ ‡§Ü‡§∞‡§ï‡•ç‡§∑‡§£ ‡§ñ‡§§‡§Æ ‡§ï‡§∞‡§®‡§æ ‡§ö‡§æ‡§π‡§§‡§æ ‡§π‡•à ‡§î‡§Ç‡§∞ ‡§ï‡§π‡§§‡§æ ‡§π‡•à‡§Ç #BJP4IND ‡§Ü‡§∞‡§ï‡•ç‡§∑‡§£ ‡§ñ‡§§‡§Æ ‡§ï‡§∞‡•á‡§ó‡•Ä #HariyanaElection ‡§Ø‡•á ‡§ù‡•Å‡§†‡•á ‡§ï‡•ã ‡§∏‡§¨‡§ú ‡§∂‡§ø‡§ñ‡§æ‡§µ‡•ã #HariyanaElection2024 5 ‡§§‡§æ‡§∞‡•Ä‡§ñ ‡§ï‡•ã",208.0,scheme             bjpind    hariyanaelection      hariyanaelection,Politics,Neutral
"‡§¨‡§æ‡§™‡•ç‡§™‡•Ç ‡§®‡•á ‡§ù‡•Ç‡§ü ‡§¨‡•ã‡§≤‡§®‡§æ ‡§≠‡•Ä ‡§∂‡§ø‡§ñ‡§æ‡§Ø‡§æ ‡§ï‡•ç‡§Ø‡§æ ‡§ñ‡§ü‡§æ ‡§ñ‡§ü scheme ‡§î‡§Ç‡§∞ ‡§∏‡§Ç‡§µ‡§ø‡§ß‡§æ‡§® ‡§¨‡§¶‡§≤‡§®‡§æ, ‡§ñ‡•Å‡§¶ ‡§Ü‡§∞‡§ï‡•ç‡§∑‡§£ ‡§ñ‡§§‡§Æ ‡§ï‡§∞‡§®‡§æ ‡§ö‡§æ‡§π‡§§‡§æ ‡§π‡•à ‡§î‡§Ç‡§∞ ‡§ï‡§π‡§§‡§æ ‡§π‡•à‡§Ç #BJP4IND ‡§Ü‡§∞‡§ï‡•ç‡§∑‡§£ ‡§ñ‡§§‡§Æ ‡§ï‡§∞‡•á‡§ó‡•Ä #HariyanaElection ‡§Ø‡•á ‡§ù‡•Å‡§†‡•á ‡§ï‡•ã ‡§∏‡§¨‡§ú ‡§∂‡§ø‡§ñ‡§æ‡§µ‡•ã #HariyanaElection2024 5 ‡§§‡§æ‡§∞‡•Ä‡§ñ ‡§ï‡•ã",208.0,scheme             bjpind    hariyanaelection      hariyanaelection,Politics,Neutral
"‡§¨‡§æ‡§™‡•ç‡§™‡•Ç ‡§®‡•á ‡§ù‡•Ç‡§ü ‡§¨‡•ã‡§≤‡§®‡§æ ‡§≠‡•Ä ‡§∂‡§ø‡§ñ‡§æ‡§Ø‡§æ ‡§ï‡•ç‡§Ø‡§æ ‡§ñ‡§ü‡§æ ‡§ñ‡§ü scheme ‡§î‡§Ç‡§∞ ‡§∏‡§Ç‡§µ‡§ø‡§ß‡§æ‡§® ‡§¨‡§¶‡§≤‡§®‡§æ, ‡§ñ‡•Å‡§¶ ‡§Ü‡§∞‡§ï‡•ç‡§∑‡§£ ‡§ñ‡§§‡§Æ ‡§ï‡§∞‡§®‡§æ ‡§ö‡§æ‡§π‡§§‡§æ ‡§π‡•à ‡§î‡§Ç‡§∞ ‡§ï‡§π‡§§‡§æ ‡§π‡•à‡§Ç #BJP4IND ‡§Ü‡§∞‡§ï‡•ç‡§∑‡§£ ‡§ñ‡§§‡§Æ ‡§ï‡§∞‡•á‡§ó‡•Ä #HariyanaElection ‡§Ø‡•á ‡§ù‡•Å‡§†‡•á ‡§ï‡•ã ‡§∏‡§¨‡§ú ‡§∂‡§ø‡§ñ‡§æ‡§µ‡•ã #HariyanaElection2024 5 ‡§§‡§æ‡§∞‡•Ä‡§ñ ‡§ï‡•ã",208.0,scheme             bjpind    hariyanaelection      hariyanaelection,Politics,Neutral
"‡§¨‡§æ‡§™‡•ç‡§™‡•Ç ‡§®‡•á ‡§ù‡•Ç‡§ü ‡§¨‡•ã‡§≤‡§®‡§æ ‡§≠‡•Ä ‡§∂‡§ø‡§ñ‡§æ‡§Ø‡§æ ‡§ï‡•ç‡§Ø‡§æ ‡§ñ‡§ü‡§æ ‡§ñ‡§ü scheme ‡§î‡§Ç‡§∞ ‡§∏‡§Ç‡§µ‡§ø‡§ß‡§æ‡§® ‡§¨‡§¶‡§≤‡§®‡§æ, ‡§ñ‡•Å‡§¶ ‡§Ü‡§∞‡§ï‡•ç‡§∑‡§£ ‡§ñ‡§§‡§Æ ‡§ï‡§∞‡§®‡§æ ‡§ö‡§æ‡§π‡§§‡§æ ‡§π‡•à ‡§î‡§Ç‡§∞ ‡§ï‡§π‡§§‡§æ ‡§π‡•à‡§Ç #BJP4IND ‡§Ü‡§∞‡§ï‡•ç‡§∑‡§£ ‡§ñ‡§§‡§Æ ‡§ï‡§∞‡•á‡§ó‡•Ä #HariyanaElection ‡§Ø‡•á ‡§ù‡•Å‡§†‡•á ‡§ï‡•ã ‡§∏‡§¨‡§ú ‡§∂‡§ø‡§ñ‡§æ‡§µ‡•ã #HariyanaElection2024 5 ‡§§‡§æ‡§∞‡•Ä‡§ñ ‡§ï‡•ã",208.0,scheme             bjpind    hariyanaelection      hariyanaelection,Politics,Neutral
"‡§¨‡§æ‡§™‡•ç‡§™‡•Ç ‡§®‡•á ‡§ù‡•Ç‡§ü ‡§¨‡•ã‡§≤‡§®‡§æ ‡§≠‡•Ä ‡§∂‡§ø‡§ñ‡§æ‡§Ø‡§æ ‡§ï‡•ç‡§Ø‡§æ ‡§ñ‡§ü‡§æ ‡§ñ‡§ü scheme ‡§î‡§Ç‡§∞ ‡§∏‡§Ç‡§µ‡§ø‡§ß‡§æ‡§® ‡§¨‡§¶‡§≤‡§®‡§æ, ‡§ñ‡•Å‡§¶ ‡§Ü‡§∞‡§ï‡•ç‡§∑‡§£ ‡§ñ‡§§‡§Æ ‡§ï‡§∞‡§®‡§æ ‡§ö‡§æ‡§π‡§§‡§æ ‡§π‡•à ‡§î‡§Ç‡§∞ ‡§ï‡§π‡§§‡§æ ‡§π‡•à‡§Ç #BJP4IND ‡§Ü‡§∞‡§ï‡•ç‡§∑‡§£ ‡§ñ‡§§‡§Æ ‡§ï‡§∞‡•á‡§ó‡•Ä #HariyanaElection ‡§Ø‡•á ‡§ù‡•Å‡§†‡•á ‡§ï‡•ã ‡§∏‡§¨‡§ú ‡§∂‡§ø‡§ñ‡§æ‡§µ‡•ã #HariyanaElection2024 5 ‡§§‡§æ‡§∞‡•Ä‡§ñ ‡§ï‡•ã",208.0,scheme             bjpind    hariyanaelection      hariyanaelection,Politics,Neutral
"‡§¨‡§æ‡§™‡•ç‡§™‡•Ç ‡§®‡•á ‡§ù‡•Ç‡§ü ‡§¨‡•ã‡§≤‡§®‡§æ ‡§≠‡•Ä ‡§∂‡§ø‡§ñ‡§æ‡§Ø‡§æ ‡§ï‡•ç‡§Ø‡§æ ‡§ñ‡§ü‡§æ ‡§ñ‡§ü scheme ‡§î‡§Ç‡§∞ ‡§∏‡§Ç‡§µ‡§ø‡§ß‡§æ‡§® ‡§¨‡§¶‡§≤‡§®‡§æ, ‡§ñ‡•Å‡§¶ ‡§Ü‡§∞‡§ï‡•ç‡§∑‡§£ ‡§ñ‡§§‡§Æ ‡§ï‡§∞‡§®‡§æ ‡§ö‡§æ‡§π‡§§‡§æ ‡§π‡•à ‡§î‡§Ç‡§∞ ‡§ï‡§π‡§§‡§æ ‡§π‡•à‡§Ç #BJP4IND ‡§Ü‡§∞‡§ï‡•ç‡§∑‡§£ ‡§ñ‡§§‡§Æ ‡§ï‡§∞‡•á‡§ó‡•Ä #HariyanaElection ‡§Ø‡•á ‡§ù‡•Å‡§†‡•á ‡§ï‡•ã ‡§∏‡§¨‡§ú ‡§∂‡§ø‡§ñ‡§æ‡§µ‡•ã #HariyanaElection2024 5 ‡§§‡§æ‡§∞‡•Ä‡§ñ ‡§ï‡•ã",208.0,scheme             bjpind    hariyanaelection      hariyanaelection,Politics,Neutral
"‡§¨‡§æ‡§™‡•ç‡§™‡•Ç ‡§®‡•á ‡§ù‡•Ç‡§ü ‡§¨‡•ã‡§≤‡§®‡§æ ‡§≠‡•Ä ‡§∂‡§ø‡§ñ‡§æ‡§Ø‡§æ ‡§ï‡•ç‡§Ø‡§æ ‡§ñ‡§ü‡§æ ‡§ñ‡§ü scheme ‡§î‡§Ç‡§∞ ‡§∏‡§Ç‡§µ‡§ø‡§ß‡§æ‡§® ‡§¨‡§¶‡§≤‡§®‡§æ, ‡§ñ‡•Å‡§¶ ‡§Ü‡§∞‡§ï‡•ç‡§∑‡§£ ‡§ñ‡§§‡§Æ ‡§ï‡§∞‡§®‡§æ ‡§ö‡§æ‡§π‡§§‡§æ ‡§π‡•à ‡§î‡§Ç‡§∞ ‡§ï‡§π‡§§‡§æ ‡§π‡•à‡§Ç #BJP4IND ‡§Ü‡§∞‡§ï‡•ç‡§∑‡§£ ‡§ñ‡§§‡§Æ ‡§ï‡§∞‡•á‡§ó‡•Ä #HariyanaElection ‡§Ø‡•á ‡§ù‡•Å‡§†‡•á ‡§ï‡•ã ‡§∏‡§¨‡§ú ‡§∂‡§ø‡§ñ‡§æ‡§µ‡•ã #HariyanaElection2024 5 ‡§§‡§æ‡§∞‡•Ä‡§ñ ‡§ï‡•ã",208.0,scheme             bjpind    hariyanaelection      hariyanaelection,Politics,Neutral
"‡§¨‡§æ‡§™‡•ç‡§™‡•Ç ‡§®‡•á ‡§ù‡•Ç‡§ü ‡§¨‡•ã‡§≤‡§®‡§æ ‡§≠‡•Ä ‡§∂‡§ø‡§ñ‡§æ‡§Ø‡§æ ‡§ï‡•ç‡§Ø‡§æ ‡§ñ‡§ü‡§æ ‡§ñ‡§ü scheme ‡§î‡§Ç‡§∞ ‡§∏‡§Ç‡§µ‡§ø‡§ß‡§æ‡§® ‡§¨‡§¶‡§≤‡§®‡§æ, ‡§ñ‡•Å‡§¶ ‡§Ü‡§∞‡§ï‡•ç‡§∑‡§£ ‡§ñ‡§§‡§Æ ‡§ï‡§∞‡§®‡§æ ‡§ö‡§æ‡§π‡§§‡§æ ‡§π‡•à ‡§î‡§Ç‡§∞ ‡§ï‡§π‡§§‡§æ ‡§π‡•à‡§Ç #BJP4IND ‡§Ü‡§∞‡§ï‡•ç‡§∑‡§£ ‡§ñ‡§§‡§Æ ‡§ï‡§∞‡•á‡§ó‡•Ä #HariyanaElection ‡§Ø‡•á ‡§ù‡•Å‡§†‡•á ‡§ï‡•ã ‡§∏‡§¨‡§ú ‡§∂‡§ø‡§ñ‡§æ‡§µ‡•ã #HariyanaElection2024 5 ‡§§‡§æ‡§∞‡•Ä‡§ñ ‡§ï‡•ã",208.0,scheme             bjpind    hariyanaelection      hariyanaelection,Politics,Neutral
"‡§¨‡§æ‡§™‡•ç‡§™‡•Ç ‡§®‡•á ‡§ù‡•Ç‡§ü ‡§¨‡•ã‡§≤‡§®‡§æ ‡§≠‡•Ä ‡§∂‡§ø‡§ñ‡§æ‡§Ø‡§æ ‡§ï‡•ç‡§Ø‡§æ ‡§ñ‡§ü‡§æ ‡§ñ‡§ü scheme ‡§î‡§Ç‡§∞ ‡§∏‡§Ç‡§µ‡§ø‡§ß‡§æ‡§® ‡§¨‡§¶‡§≤‡§®‡§æ, ‡§ñ‡•Å‡§¶ ‡§Ü‡§∞‡§ï‡•ç‡§∑‡§£ ‡§ñ‡§§‡§Æ ‡§ï‡§∞‡§®‡§æ ‡§ö‡§æ‡§π‡§§‡§æ ‡§π‡•à ‡§î‡§Ç‡§∞ ‡§ï‡§π‡§§‡§æ ‡§π‡•à‡§Ç #BJP4IND ‡§Ü‡§∞‡§ï‡•ç‡§∑‡§£ ‡§ñ‡§§‡§Æ ‡§ï‡§∞‡•á‡§ó‡•Ä #HariyanaElection ‡§Ø‡•á ‡§ù‡•Å‡§†‡•á ‡§ï‡•ã ‡§∏‡§¨‡§ú ‡§∂‡§ø‡§ñ‡§æ‡§µ‡•ã #HariyanaElection2024 5 ‡§§‡§æ‡§∞‡•Ä‡§ñ ‡§ï‡•ã",208.0,scheme             bjpind    hariyanaelection      hariyanaelection,Politics,Neutral
"‡§¨‡§æ‡§™‡•ç‡§™‡•Ç ‡§®‡•á ‡§ù‡•Ç‡§ü ‡§¨‡•ã‡§≤‡§®‡§æ ‡§≠‡•Ä ‡§∂‡§ø‡§ñ‡§æ‡§Ø‡§æ ‡§ï‡•ç‡§Ø‡§æ ‡§ñ‡§ü‡§æ ‡§ñ‡§ü scheme ‡§î‡§Ç‡§∞ ‡§∏‡§Ç‡§µ‡§ø‡§ß‡§æ‡§® ‡§¨‡§¶‡§≤‡§®‡§æ, ‡§ñ‡•Å‡§¶ ‡§Ü‡§∞‡§ï‡•ç‡§∑‡§£ ‡§ñ‡§§‡§Æ ‡§ï‡§∞‡§®‡§æ ‡§ö‡§æ‡§π‡§§‡§æ ‡§π‡•à ‡§î‡§Ç‡§∞ ‡§ï‡§π‡§§‡§æ ‡§π‡•à‡§Ç #BJP4IND ‡§Ü‡§∞‡§ï‡•ç‡§∑‡§£ ‡§ñ‡§§‡§Æ ‡§ï‡§∞‡•á‡§ó‡•Ä #HariyanaElection ‡§Ø‡•á ‡§ù‡•Å‡§†‡•á ‡§ï‡•ã ‡§∏‡§¨‡§ú ‡§∂‡§ø‡§ñ‡§æ‡§µ‡•ã #HariyanaElection2024 5 ‡§§‡§æ‡§∞‡•Ä‡§ñ ‡§ï‡•ã",208.0,scheme             bjpind    hariyanaelection      hariyanaelection,Politics,Neutral
"‡§¨‡§æ‡§™‡•ç‡§™‡•Ç ‡§®‡•á ‡§ù‡•Ç‡§ü ‡§¨‡•ã‡§≤‡§®‡§æ ‡§≠‡•Ä ‡§∂‡§ø‡§ñ‡§æ‡§Ø‡§æ ‡§ï‡•ç‡§Ø‡§æ ‡§ñ‡§ü‡§æ ‡§ñ‡§ü scheme ‡§î‡§Ç‡§∞ ‡§∏‡§Ç‡§µ‡§ø‡§ß‡§æ‡§® ‡§¨‡§¶‡§≤‡§®‡§æ, ‡§ñ‡•Å‡§¶ ‡§Ü‡§∞‡§ï‡•ç‡§∑‡§£ ‡§ñ‡§§‡§Æ ‡§ï‡§∞‡§®‡§æ ‡§ö‡§æ‡§π‡§§‡§æ ‡§π‡•à ‡§î‡§Ç‡§∞ ‡§ï‡§π‡§§‡§æ ‡§π‡•à‡§Ç #BJP4IND ‡§Ü‡§∞‡§ï‡•ç‡§∑‡§£ ‡§ñ‡§§‡§Æ ‡§ï‡§∞‡•á‡§ó‡•Ä #HariyanaElection ‡§Ø‡•á ‡§ù‡•Å‡§†‡•á ‡§ï‡•ã ‡§∏‡§¨‡§ú ‡§∂‡§ø‡§ñ‡§æ‡§µ‡•ã #HariyanaElection2024 5 ‡§§‡§æ‡§∞‡•Ä‡§ñ ‡§ï‡•ã",208.0,scheme             bjpind    hariyanaelection      hariyanaelection,Politics,Neutral
"‡§¨‡§æ‡§™‡•ç‡§™‡•Ç ‡§®‡•á ‡§ù‡•Ç‡§ü ‡§¨‡•ã‡§≤‡§®‡§æ ‡§≠‡•Ä ‡§∂‡§ø‡§ñ‡§æ‡§Ø‡§æ ‡§ï‡•ç‡§Ø‡§æ ‡§ñ‡§ü‡§æ ‡§ñ‡§ü scheme ‡§î‡§Ç‡§∞ ‡§∏‡§Ç‡§µ‡§ø‡§ß‡§æ‡§® ‡§¨‡§¶‡§≤‡§®‡§æ, ‡§ñ‡•Å‡§¶ ‡§Ü‡§∞‡§ï‡•ç‡§∑‡§£ ‡§ñ‡§§‡§Æ ‡§ï‡§∞‡§®‡§æ ‡§ö‡§æ‡§π‡§§‡§æ ‡§π‡•à ‡§î‡§Ç‡§∞ ‡§ï‡§π‡§§‡§æ ‡§π‡•à‡§Ç #BJP4IND ‡§Ü‡§∞‡§ï‡•ç‡§∑‡§£ ‡§ñ‡§§‡§Æ ‡§ï‡§∞‡•á‡§ó‡•Ä #HariyanaElection ‡§Ø‡•á ‡§ù‡•Å‡§†‡•á ‡§ï‡•ã ‡§∏‡§¨‡§ú ‡§∂‡§ø‡§ñ‡§æ‡§µ‡•ã #HariyanaElection2024 5 ‡§§‡§æ‡§∞‡•Ä‡§ñ ‡§ï‡•ã",208.0,scheme             bjpind    hariyanaelection      hariyanaelection,Politics,Neutral
"‡§¨‡§æ‡§™‡•ç‡§™‡•Ç ‡§®‡•á ‡§ù‡•Ç‡§ü ‡§¨‡•ã‡§≤‡§®‡§æ ‡§≠‡•Ä ‡§∂‡§ø‡§ñ‡§æ‡§Ø‡§æ ‡§ï‡•ç‡§Ø‡§æ ‡§ñ‡§ü‡§æ ‡§ñ‡§ü scheme ‡§î‡§Ç‡§∞ ‡§∏‡§Ç‡§µ‡§ø‡§ß‡§æ‡§® ‡§¨‡§¶‡§≤‡§®‡§æ, ‡§ñ‡•Å‡§¶ ‡§Ü‡§∞‡§ï‡•ç‡§∑‡§£ ‡§ñ‡§§‡§Æ ‡§ï‡§∞‡§®‡§æ ‡§ö‡§æ‡§π‡§§‡§æ ‡§π‡•à ‡§î‡§Ç‡§∞ ‡§ï‡§π‡§§‡§æ ‡§π‡•à‡§Ç #BJP4IND ‡§Ü‡§∞‡§ï‡•ç‡§∑‡§£ ‡§ñ‡§§‡§Æ ‡§ï‡§∞‡•á‡§ó‡•Ä #HariyanaElection ‡§Ø‡•á ‡§ù‡•Å‡§†‡•á ‡§ï‡•ã ‡§∏‡§¨‡§ú ‡§∂‡§ø‡§ñ‡§æ‡§µ‡•ã #HariyanaElection2024 5 ‡§§‡§æ‡§∞‡•Ä‡§ñ ‡§ï‡•ã",208.0,scheme             bjpind    hariyanaelection      hariyanaelection,Politics,Neutral
"‡§¨‡§æ‡§™‡•ç‡§™‡•Ç ‡§®‡•á ‡§ù‡•Ç‡§ü ‡§¨‡•ã‡§≤‡§®‡§æ ‡§≠‡•Ä ‡§∂‡§ø‡§ñ‡§æ‡§Ø‡§æ ‡§ï‡•ç‡§Ø‡§æ ‡§ñ‡§ü‡§æ ‡§ñ‡§ü scheme ‡§î‡§Ç‡§∞ ‡§∏‡§Ç‡§µ‡§ø‡§ß‡§æ‡§® ‡§¨‡§¶‡§≤‡§®‡§æ, ‡§ñ‡•Å‡§¶ ‡§Ü‡§∞‡§ï‡•ç‡§∑‡§£ ‡§ñ‡§§‡§Æ ‡§ï‡§∞‡§®‡§æ ‡§ö‡§æ‡§π‡§§‡§æ ‡§π‡•à ‡§î‡§Ç‡§∞ ‡§ï‡§π‡§§‡§æ ‡§π‡•à‡§Ç #BJP4IND ‡§Ü‡§∞‡§ï‡•ç‡§∑‡§£ ‡§ñ‡§§‡§Æ ‡§ï‡§∞‡•á‡§ó‡•Ä #HariyanaElection ‡§Ø‡•á ‡§ù‡•Å‡§†‡•á ‡§ï‡•ã ‡§∏‡§¨‡§ú ‡§∂‡§ø‡§ñ‡§æ‡§µ‡•ã #HariyanaElection2024 5 ‡§§‡§æ‡§∞‡•Ä‡§ñ ‡§ï‡•ã",208.0,scheme             bjpind    hariyanaelection      hariyanaelection,Politics,Neutral
"‡§¨‡§æ‡§™‡•ç‡§™‡•Ç ‡§®‡•á ‡§ù‡•Ç‡§ü ‡§¨‡•ã‡§≤‡§®‡§æ ‡§≠‡•Ä ‡§∂‡§ø‡§ñ‡§æ‡§Ø‡§æ ‡§ï‡•ç‡§Ø‡§æ ‡§ñ‡§ü‡§æ ‡§ñ‡§ü scheme ‡§î‡§Ç‡§∞ ‡§∏‡§Ç‡§µ‡§ø‡§ß‡§æ‡§® ‡§¨‡§¶‡§≤‡§®‡§æ, ‡§ñ‡•Å‡§¶ ‡§Ü‡§∞‡§ï‡•ç‡§∑‡§£ ‡§ñ‡§§‡§Æ ‡§ï‡§∞‡§®‡§æ ‡§ö‡§æ‡§π‡§§‡§æ ‡§π‡•à ‡§î‡§Ç‡§∞ ‡§ï‡§π‡§§‡§æ ‡§π‡•à‡§Ç #BJP4IND ‡§Ü‡§∞‡§ï‡•ç‡§∑‡§£ ‡§ñ‡§§‡§Æ ‡§ï‡§∞‡•á‡§ó‡•Ä #HariyanaElection ‡§Ø‡•á ‡§ù‡•Å‡§†‡•á ‡§ï‡•ã ‡§∏‡§¨‡§ú ‡§∂‡§ø‡§ñ‡§æ‡§µ‡•ã #HariyanaElection2024 5 ‡§§‡§æ‡§∞‡•Ä‡§ñ ‡§ï‡•ã",208.0,scheme             bjpind    hariyanaelection      hariyanaelection,Politics,Neutral
"‡§¨‡§æ‡§™‡•ç‡§™‡•Ç ‡§®‡•á ‡§ù‡•Ç‡§ü ‡§¨‡•ã‡§≤‡§®‡§æ ‡§≠‡•Ä ‡§∂‡§ø‡§ñ‡§æ‡§Ø‡§æ ‡§ï‡•ç‡§Ø‡§æ ‡§ñ‡§ü‡§æ ‡§ñ‡§ü scheme ‡§î‡§Ç‡§∞ ‡§∏‡§Ç‡§µ‡§ø‡§ß‡§æ‡§® ‡§¨‡§¶‡§≤‡§®‡§æ, ‡§ñ‡•Å‡§¶ ‡§Ü‡§∞‡§ï‡•ç‡§∑‡§£ ‡§ñ‡§§‡§Æ ‡§ï‡§∞‡§®‡§æ ‡§ö‡§æ‡§π‡§§‡§æ ‡§π‡•à ‡§î‡§Ç‡§∞ ‡§ï‡§π‡§§‡§æ ‡§π‡•à‡§Ç #BJP4IND ‡§Ü‡§∞‡§ï‡•ç‡§∑‡§£ ‡§ñ‡§§‡§Æ ‡§ï‡§∞‡•á‡§ó‡•Ä #HariyanaElection ‡§Ø‡•á ‡§ù‡•Å‡§†‡•á ‡§ï‡•ã ‡§∏‡§¨‡§ú ‡§∂‡§ø‡§ñ‡§æ‡§µ‡•ã #HariyanaElection2024 5 ‡§§‡§æ‡§∞‡•Ä‡§ñ ‡§ï‡•ã",208.0,scheme             bjpind    hariyanaelection      hariyanaelection,Politics,Neutral
"‡§¨‡§æ‡§™‡•ç‡§™‡•Ç ‡§®‡•á ‡§ù‡•Ç‡§ü ‡§¨‡•ã‡§≤‡§®‡§æ ‡§≠‡•Ä ‡§∂‡§ø‡§ñ‡§æ‡§Ø‡§æ ‡§ï‡•ç‡§Ø‡§æ ‡§ñ‡§ü‡§æ ‡§ñ‡§ü scheme ‡§î‡§Ç‡§∞ ‡§∏‡§Ç‡§µ‡§ø‡§ß‡§æ‡§® ‡§¨‡§¶‡§≤‡§®‡§æ, ‡§ñ‡•Å‡§¶ ‡§Ü‡§∞‡§ï‡•ç‡§∑‡§£ ‡§ñ‡§§‡§Æ ‡§ï‡§∞‡§®‡§æ ‡§ö‡§æ‡§π‡§§‡§æ ‡§π‡•à ‡§î‡§Ç‡§∞ ‡§ï‡§π‡§§‡§æ ‡§π‡•à‡§Ç #BJP4IND ‡§Ü‡§∞‡§ï‡•ç‡§∑‡§£ ‡§ñ‡§§‡§Æ ‡§ï‡§∞‡•á‡§ó‡•Ä #HariyanaElection ‡§Ø‡•á ‡§ù‡•Å‡§†‡•á ‡§ï‡•ã ‡§∏‡§¨‡§ú ‡§∂‡§ø‡§ñ‡§æ‡§µ‡•ã #HariyanaElection2024 5 ‡§§‡§æ‡§∞‡•Ä‡§ñ ‡§ï‡•ã",208.0,scheme             bjpind    hariyanaelection      hariyanaelection,Politics,Neutral
"‡§¨‡§æ‡§™‡•ç‡§™‡•Ç ‡§®‡•á ‡§ù‡•Ç‡§ü ‡§¨‡•ã‡§≤‡§®‡§æ ‡§≠‡•Ä ‡§∂‡§ø‡§ñ‡§æ‡§Ø‡§æ ‡§ï‡•ç‡§Ø‡§æ ‡§ñ‡§ü‡§æ ‡§ñ‡§ü scheme ‡§î‡§Ç‡§∞ ‡§∏‡§Ç‡§µ‡§ø‡§ß‡§æ‡§® ‡§¨‡§¶‡§≤‡§®‡§æ, ‡§ñ‡•Å‡§¶ ‡§Ü‡§∞‡§ï‡•ç‡§∑‡§£ ‡§ñ‡§§‡§Æ ‡§ï‡§∞‡§®‡§æ ‡§ö‡§æ‡§π‡§§‡§æ ‡§π‡•à ‡§î‡§Ç‡§∞ ‡§ï‡§π‡§§‡§æ ‡§π‡•à‡§Ç #BJP4IND ‡§Ü‡§∞‡§ï‡•ç‡§∑‡§£ ‡§ñ‡§§‡§Æ ‡§ï‡§∞‡•á‡§ó‡•Ä #HariyanaElection ‡§Ø‡•á ‡§ù‡•Å‡§†‡•á ‡§ï‡•ã ‡§∏‡§¨‡§ú ‡§∂‡§ø‡§ñ‡§æ‡§µ‡•ã #HariyanaElection2024 5 ‡§§‡§æ‡§∞‡•Ä‡§ñ ‡§ï‡•ã",208.0,scheme             bjpind    hariyanaelection      hariyanaelection,Politics,Neutral
"‡§¨‡§æ‡§™‡•ç‡§™‡•Ç ‡§®‡•á ‡§ù‡•Ç‡§ü ‡§¨‡•ã‡§≤‡§®‡§æ ‡§≠‡•Ä ‡§∂‡§ø‡§ñ‡§æ‡§Ø‡§æ ‡§ï‡•ç‡§Ø‡§æ ‡§ñ‡§ü‡§æ ‡§ñ‡§ü scheme ‡§î‡§Ç‡§∞ ‡§∏‡§Ç‡§µ‡§ø‡§ß‡§æ‡§® ‡§¨‡§¶‡§≤‡§®‡§æ, ‡§ñ‡•Å‡§¶ ‡§Ü‡§∞‡§ï‡•ç‡§∑‡§£ ‡§ñ‡§§‡§Æ ‡§ï‡§∞‡§®‡§æ ‡§ö‡§æ‡§π‡§§‡§æ ‡§π‡•à ‡§î‡§Ç‡§∞ ‡§ï‡§π‡§§‡§æ ‡§π‡•à‡§Ç #BJP4IND ‡§Ü‡§∞‡§ï‡•ç‡§∑‡§£ ‡§ñ‡§§‡§Æ ‡§ï‡§∞‡•á‡§ó‡•Ä #HariyanaElection ‡§Ø‡•á ‡§ù‡•Å‡§†‡•á ‡§ï‡•ã ‡§∏‡§¨‡§ú ‡§∂‡§ø‡§ñ‡§æ‡§µ‡•ã #HariyanaElection2024 5 ‡§§‡§æ‡§∞‡•Ä‡§ñ ‡§ï‡•ã",208.0,scheme             bjpind    hariyanaelection      hariyanaelection,Politics,Neutral
"‡§¨‡§æ‡§™‡•ç‡§™‡•Ç ‡§®‡•á ‡§ù‡•Ç‡§ü ‡§¨‡•ã‡§≤‡§®‡§æ ‡§≠‡•Ä ‡§∂‡§ø‡§ñ‡§æ‡§Ø‡§æ ‡§ï‡•ç‡§Ø‡§æ ‡§ñ‡§ü‡§æ ‡§ñ‡§ü scheme ‡§î‡§Ç‡§∞ ‡§∏‡§Ç‡§µ‡§ø‡§ß‡§æ‡§® ‡§¨‡§¶‡§≤‡§®‡§æ, ‡§ñ‡•Å‡§¶ ‡§Ü‡§∞‡§ï‡•ç‡§∑‡§£ ‡§ñ‡§§‡§Æ ‡§ï‡§∞‡§®‡§æ ‡§ö‡§æ‡§π‡§§‡§æ ‡§π‡•à ‡§î‡§Ç‡§∞ ‡§ï‡§π‡§§‡§æ ‡§π‡•à‡§Ç #BJP4IND ‡§Ü‡§∞‡§ï‡•ç‡§∑‡§£ ‡§ñ‡§§‡§Æ ‡§ï‡§∞‡•á‡§ó‡•Ä #HariyanaElection ‡§Ø‡•á ‡§ù‡•Å‡§†‡•á ‡§ï‡•ã ‡§∏‡§¨‡§ú ‡§∂‡§ø‡§ñ‡§æ‡§µ‡•ã #HariyanaElection2024 5 ‡§§‡§æ‡§∞‡•Ä‡§ñ ‡§ï‡•ã",208.0,scheme             bjpind    hariyanaelection      hariyanaelection,Politics,Neutral
"‡§¨‡§æ‡§™‡•ç‡§™‡•Ç ‡§®‡•á ‡§ù‡•Ç‡§ü ‡§¨‡•ã‡§≤‡§®‡§æ ‡§≠‡•Ä ‡§∂‡§ø‡§ñ‡§æ‡§Ø‡§æ ‡§ï‡•ç‡§Ø‡§æ ‡§ñ‡§ü‡§æ ‡§ñ‡§ü scheme ‡§î‡§Ç‡§∞ ‡§∏‡§Ç‡§µ‡§ø‡§ß‡§æ‡§® ‡§¨‡§¶‡§≤‡§®‡§æ, ‡§ñ‡•Å‡§¶ ‡§Ü‡§∞‡§ï‡•ç‡§∑‡§£ ‡§ñ‡§§‡§Æ ‡§ï‡§∞‡§®‡§æ ‡§ö‡§æ‡§π‡§§‡§æ ‡§π‡•à ‡§î‡§Ç‡§∞ ‡§ï‡§π‡§§‡§æ ‡§π‡•à‡§Ç #BJP4IND ‡§Ü‡§∞‡§ï‡•ç‡§∑‡§£ ‡§ñ‡§§‡§Æ ‡§ï‡§∞‡•á‡§ó‡•Ä #HariyanaElection ‡§Ø‡•á ‡§ù‡•Å‡§†‡•á ‡§ï‡•ã ‡§∏‡§¨‡§ú ‡§∂‡§ø‡§ñ‡§æ‡§µ‡•ã #HariyanaElection2024 5 ‡§§‡§æ‡§∞‡•Ä‡§ñ ‡§ï‡•ã",208.0,scheme             bjpind    hariyanaelection      hariyanaelection,Politics,Neutral
"‡§¨‡§æ‡§™‡•ç‡§™‡•Ç ‡§®‡•á ‡§ù‡•Ç‡§ü ‡§¨‡•ã‡§≤‡§®‡§æ ‡§≠‡•Ä ‡§∂‡§ø‡§ñ‡§æ‡§Ø‡§æ ‡§ï‡•ç‡§Ø‡§æ ‡§ñ‡§ü‡§æ ‡§ñ‡§ü scheme ‡§î‡§Ç‡§∞ ‡§∏‡§Ç‡§µ‡§ø‡§ß‡§æ‡§® ‡§¨‡§¶‡§≤‡§®‡§æ, ‡§ñ‡•Å‡§¶ ‡§Ü‡§∞‡§ï‡•ç‡§∑‡§£ ‡§ñ‡§§‡§Æ ‡§ï‡§∞‡§®‡§æ ‡§ö‡§æ‡§π‡§§‡§æ ‡§π‡•à ‡§î‡§Ç‡§∞ ‡§ï‡§π‡§§‡§æ ‡§π‡•à‡§Ç #BJP4IND ‡§Ü‡§∞‡§ï‡•ç‡§∑‡§£ ‡§ñ‡§§‡§Æ ‡§ï‡§∞‡•á‡§ó‡•Ä #HariyanaElection ‡§Ø‡•á ‡§ù‡•Å‡§†‡•á ‡§ï‡•ã ‡§∏‡§¨‡§ú ‡§∂‡§ø‡§ñ‡§æ‡§µ‡•ã #HariyanaElection2024 5 ‡§§‡§æ‡§∞‡•Ä‡§ñ ‡§ï‡•ã",208.0,scheme             bjpind    hariyanaelection      hariyanaelection,Politics,Neutral
"‡§¨‡§æ‡§™‡•ç‡§™‡•Ç ‡§®‡•á ‡§ù‡•Ç‡§ü ‡§¨‡•ã‡§≤‡§®‡§æ ‡§≠‡•Ä ‡§∂‡§ø‡§ñ‡§æ‡§Ø‡§æ ‡§ï‡•ç‡§Ø‡§æ ‡§ñ‡§ü‡§æ ‡§ñ‡§ü scheme ‡§î‡§Ç‡§∞ ‡§∏‡§Ç‡§µ‡§ø‡§ß‡§æ‡§® ‡§¨‡§¶‡§≤‡§®‡§æ, ‡§ñ‡•Å‡§¶ ‡§Ü‡§∞‡§ï‡•ç‡§∑‡§£ ‡§ñ‡§§‡§Æ ‡§ï‡§∞‡§®‡§æ ‡§ö‡§æ‡§π‡§§‡§æ ‡§π‡•à ‡§î‡§Ç‡§∞ ‡§ï‡§π‡§§‡§æ ‡§π‡•à‡§Ç #BJP4IND ‡§Ü‡§∞‡§ï‡•ç‡§∑‡§£ ‡§ñ‡§§‡§Æ ‡§ï‡§∞‡•á‡§ó‡•Ä #HariyanaElection ‡§Ø‡•á ‡§ù‡•Å‡§†‡•á ‡§ï‡•ã ‡§∏‡§¨‡§ú ‡§∂‡§ø‡§ñ‡§æ‡§µ‡•ã #HariyanaElection2024 5 ‡§§‡§æ‡§∞‡•Ä‡§ñ ‡§ï‡•ã",208.0,scheme             bjpind    hariyanaelection      hariyanaelection,Politics,Neutral
"‡§¨‡§æ‡§™‡•ç‡§™‡•Ç ‡§®‡•á ‡§ù‡•Ç‡§ü ‡§¨‡•ã‡§≤‡§®‡§æ ‡§≠‡•Ä ‡§∂‡§ø‡§ñ‡§æ‡§Ø‡§æ ‡§ï‡•ç‡§Ø‡§æ ‡§ñ‡§ü‡§æ ‡§ñ‡§ü scheme ‡§î‡§Ç‡§∞ ‡§∏‡§Ç‡§µ‡§ø‡§ß‡§æ‡§® ‡§¨‡§¶‡§≤‡§®‡§æ, ‡§ñ‡•Å‡§¶ ‡§Ü‡§∞‡§ï‡•ç‡§∑‡§£ ‡§ñ‡§§‡§Æ ‡§ï‡§∞‡§®‡§æ ‡§ö‡§æ‡§π‡§§‡§æ ‡§π‡•à ‡§î‡§Ç‡§∞ ‡§ï‡§π‡§§‡§æ ‡§π‡•à‡§Ç #BJP4IND ‡§Ü‡§∞‡§ï‡•ç‡§∑‡§£ ‡§ñ‡§§‡§Æ ‡§ï‡§∞‡•á‡§ó‡•Ä #HariyanaElection ‡§Ø‡•á ‡§ù‡•Å‡§†‡•á ‡§ï‡•ã ‡§∏‡§¨‡§ú ‡§∂‡§ø‡§ñ‡§æ‡§µ‡•ã #HariyanaElection2024 5 ‡§§‡§æ‡§∞‡•Ä‡§ñ ‡§ï‡•ã",208.0,scheme             bjpind    hariyanaelection      hariyanaelection,Politics,Neutral
"‡§¨‡§æ‡§™‡•ç‡§™‡•Ç ‡§®‡•á ‡§ù‡•Ç‡§ü ‡§¨‡•ã‡§≤‡§®‡§æ ‡§≠‡•Ä ‡§∂‡§ø‡§ñ‡§æ‡§Ø‡§æ ‡§ï‡•ç‡§Ø‡§æ ‡§ñ‡§ü‡§æ ‡§ñ‡§ü scheme ‡§î‡§Ç‡§∞ ‡§∏‡§Ç‡§µ‡§ø‡§ß‡§æ‡§® ‡§¨‡§¶‡§≤‡§®‡§æ, ‡§ñ‡•Å‡§¶ ‡§Ü‡§∞‡§ï‡•ç‡§∑‡§£ ‡§ñ‡§§‡§Æ ‡§ï‡§∞‡§®‡§æ ‡§ö‡§æ‡§π‡§§‡§æ ‡§π‡•à ‡§î‡§Ç‡§∞ ‡§ï‡§π‡§§‡§æ ‡§π‡•à‡§Ç #BJP4IND ‡§Ü‡§∞‡§ï‡•ç‡§∑‡§£ ‡§ñ‡§§‡§Æ ‡§ï‡§∞‡•á‡§ó‡•Ä #HariyanaElection ‡§Ø‡•á ‡§ù‡•Å‡§†‡•á ‡§ï‡•ã ‡§∏‡§¨‡§ú ‡§∂‡§ø‡§ñ‡§æ‡§µ‡•ã #HariyanaElection2024 5 ‡§§‡§æ‡§∞‡•Ä‡§ñ ‡§ï‡•ã",208.0,scheme             bjpind    hariyanaelection      hariyanaelection,Politics,Neutral
